Speaker,PC1,PC2,PC3,PC4,PC5,PC6,PC7,PC8,PC9,PC10,PC11,PC12,PC13,PC14,PC15,PC16,PC17,PC18,PC19,PC20
QB_NZ_F_103,-3.1864192768567596,-0.18909143709027898,2.3593404196598,0.14430245263321118,0.3527485603007661,0.8114339995424865,0.04024388671044312,-0.16484739964396822,-0.6028646466662326,0.2187468746815464,-0.7723319824988882,-0.22479943545558714,0.04206377875898315,0.06074600588655235,0.6008224322618407,0.4105066964110464,-0.09795110397167242,-0.6004240150694821,-0.25904267821054844,0.519351166784498
QB_NZ_F_107,-0.25336153888658847,1.0793803118318188,-0.21335092002768094,0.8543515942920312,0.12267705001234026,0.30499809725380406,-0.5622755170000542,0.14173762915531976,0.8379793881739274,0.8145458050661181,-0.13027184025231375,0.6365967524909305,-0.8374031496951883,-0.3944367605888907,-0.9491839842356853,0.6273324820262789,-1.0714765678960745,-0.009492480355998544,-0.5130117261290837,-0.22579661003516655
QB_NZ_F_121,0.2697548807024921,-0.19356261513084722,-0.570981868353933,-0.8831483204968904,1.3599653370407252,2.306542549961654,0.07225744302053073,-1.3510845086124388,0.6225258052627525,0.21755018730797374,-0.4119024963634759,0.09325960593622641,0.10277035830347675,0.21198534109483705,-0.46037332166069567,-0.14467370172179855,0.2385430751355834,-0.32552601588848296,0.17419716703786237,-0.14088386466887834
QB_NZ_F_131,-1.9957517534255176,-0.9696626410555774,-1.077467115257039,-0.06001488426262457,-2.18482100397409,2.125129381778354,1.5125007481254535,-0.7856706003249299,-0.6572658182037585,-1.931887079647285,-0.5701493690403429,-0.50578254736673,0.3446397370986372,-1.4713946794158774,0.652876752845505,-0.34088519638535736,-0.566594685310786,-0.009786076403178015,-0.46527996776781483,0.5797937321726161
QB_NZ_F_132,0.2880958941742817,0.3617907623955701,0.4871126238954638,0.0392170982864104,-0.35426332550837375,0.4226930812745176,-0.28118296998790515,1.1314674154346782,0.2151882074436912,-0.7772524203092473,0.7256132395853959,0.5113447513582112,-0.44991340624333653,0.7815071307352949,-0.13668029082782754,0.013284378392747995,-0.27913134759964064,0.15629628940212778,0.747816236620179,-0.2972784547457929
QB_NZ_F_133,0.8171086143957526,1.1672620144755985,-2.355427021063206,-0.8089759905252635,2.3009395134045505,0.16400359841258244,0.6068223964063383,-0.19869098577343733,0.43580868695071834,-0.418141071589049,0.6926523768400482,0.09610983128598452,0.6769790897656457,0.22547336046718214,-0.10038692230268816,-0.4784950962317109,0.09607012754864934,-0.40603395553146193,-0.5684974840313575,-0.12528337363527983
QB_NZ_F_134,-1.7931782567357575,0.34396942111743717,-0.05917731632233175,-0.4296252025591112,-1.3167484355481498,-1.1244361971654933,0.04794417463120359,1.0817824617494352,1.451812047391777,-0.10050333010341458,0.4923100804133669,-0.4023897627269263,0.6012693557903925,-0.17078864886732437,-0.5158148864746319,-0.5264109373513397,0.2776441263675835,-0.49020311949348155,-0.046712357850759535,0.16502889722354946
QB_NZ_F_135,2.7354113030002702,-0.8616787711661686,-0.6576561379904657,-1.8912073374580802,0.7602513875491447,-0.07573310141810974,-1.039812433137718,-1.594999525188408,-0.33998760875230055,0.18961757873300888,-1.0241253999266988,0.13171383767445782,0.3223360062100063,-0.9235452783609389,0.03856175203654196,0.3196753589680024,0.7551801793492637,0.012863498385128659,0.31268857346066153,-0.26360080339431735
QB_NZ_F_141,-3.088536999959471,2.405547725410693,0.2662357144333546,-0.3010858611842541,0.8673840333976695,0.3870757056330189,0.42900626272179737,0.0576209127814539,-1.9335422563292126,-1.397478468572841,0.2163859824044893,-0.1834797604992972,-0.08780126797189837,0.5187886088950151,0.5794247975993838,-0.5472936531335036,-0.6026018389616022,0.42448941393884904,-0.7412043925078765,-0.008077677349328466
QB_NZ_F_150,-2.6858724870595356,-0.3175618075496138,0.9807609744480079,-0.8235988567254732,-0.25646795973377,-0.29002917934869993,-0.3053454036313851,-0.20295148944054667,0.8008396872653314,0.3847509562493026,0.6918777710702849,-0.2678134276622536,0.4065534629221883,0.5193066416096601,0.535033038889352,-0.5141964654214103,-0.1339564822636338,-0.01953438222185001,-0.03007303858414001,0.19585665116232712
QB_NZ_F_159,-1.3660335769255079,-0.017851473148572862,-0.567734789992292,1.9127053646004077,0.3781421349420291,1.0414224075577974,-0.09113569803445672,1.4734415391659268,0.12496603403997107,-1.0086151407657935,-0.12629126782541056,-0.25447016569773867,-0.004542751198049936,1.1540144221702622,-1.2074300218418796,-0.09403792395390628,0.6699044180610766,-0.8237015798012951,-0.16210390161713412,0.04009900537902543
QB_NZ_F_161,5.766775446654939,0.38230482617959355,0.8679340010149132,0.9824412469304622,0.12666557851875582,0.8018091737895534,0.12681116657257427,-0.3264449365631112,-1.9076879174315726,-0.7627966590664125,-0.10693507200481348,0.21449069781125435,0.181490199323834,-0.9148631044494496,0.35431519153293045,-0.040797589635759496,-0.26501688428221454,0.7655408239512316,-0.5711769831973321,-0.01173928667678238
QB_NZ_F_168,0.9311605803898224,1.6685405584425481,-2.7100249561993324,2.42889973210773,0.39165951411044014,1.3326510559257112,0.008101958461069448,-0.7165003184546646,-0.9629323987413426,0.1556953125431632,-0.6908875776963408,-0.7293739652440118,0.5676970615922238,0.27420825144142985,-0.8362535926049002,0.5199276049535054,0.08325850521231615,-0.14678104633475583,0.46829708078161236,0.3052709551650323
QB_NZ_F_188,-0.6226486226449375,1.198692661989897,-0.24301192218663678,-0.1683209387607478,-1.2166261393525357,0.019667603940092974,-0.20071047056101826,-0.4182060899329109,0.362159563362552,-0.4713278697858857,-0.126889866253109,1.1275761258713737,0.7424908996615436,-0.03651295627371692,0.26451385662762644,0.17581952200595427,-0.4404734730070833,0.2647105794262221,0.980167973389863,0.19031308770503344
QB_NZ_F_195,-0.9040074348544425,1.1403612959545582,0.28930255516991193,0.6837605857392459,1.5473843730225545,-0.0106437245462143,-0.640445167649233,0.2033893134930968,1.0052025037742678,0.525991478119453,0.36350062888987883,0.002530786568850531,0.8280891651070208,-0.05176319244931501,-1.1075356121295352,-0.3344018129441879,-0.49919746157246303,-0.011744041501565662,0.08544825987728215,-0.11943831420577816
QB_NZ_F_200,3.604701474339971,-1.266108813936699,-0.5843131821532104,1.9860602902608513,0.4790733537837605,-1.1392039924052606,1.665222500829975,-1.2821855893542387,0.046417720560243424,0.5277803129239107,0.42439456782503027,-0.8136904397028917,0.8490416532779751,-0.26738175295844535,-0.5676062716668573,0.5079946176680857,0.49793613568824324,0.042985835177661136,0.5306632282299791,0.11674130262886573
QB_NZ_F_201,-3.020588276526693,-1.0929412100478166,1.774610525871678,0.6662239298605306,-0.7029828265148544,0.4863911743728116,-0.7572687279194134,0.525483440320364,0.20489256868192196,0.7914515518663507,0.23395352461710409,-0.43699588927509186,0.2638080112282187,-0.6669941840934064,-0.5882438669785182,-0.6752874987163393,-0.6147390888510578,0.48733170275199295,0.10180698615038511,-0.1411118673213285
QB_NZ_F_213,-2.9405709469873558,2.1200500267586633,-0.3361563524148603,-0.8168758379962695,0.15473361447030096,-0.32923441211668314,-2.2720650768211725,0.7410349348594111,-0.24433226072001818,0.3574910115341,-0.31921334008523927,-0.018674379321504325,0.27206588289152217,-0.29587940645280403,-0.24734377193844972,-0.3376118635318329,0.28259206513064355,0.6509911017840053,0.18485324852636784,0.5021281473802582
QB_NZ_F_216,1.5096662484899726,-3.333983975604927,-1.2798040078963395,-0.7726009335813965,-0.4412862790792191,-1.4983344649474384,0.1747386531713122,-0.25792881588770145,0.3683523399262402,0.12438149099248526,-0.5364873328084641,-0.8518987495877332,-0.6234252159364317,0.13854625508827237,-0.0019005005325994381,-0.1441452141690761,-1.0702035961794387,0.42910665495080264,-0.2923003175761972,-0.09921264496726452
QB_NZ_F_218,-4.050218461817434,0.04811302654151014,-0.49759653893336325,-1.6159047997388207,-0.10225023114970953,-0.2841178114600097,0.7526798469533397,-0.11130217104518064,0.41848858770266106,0.5731527959457909,-0.70040889981574594,0.5572598410339141,0.15365600676783145,-0.5684883079931481,0.33756437505893416,0.15054119043636366,-0.34589463260608666,0.4085058416856522,-0.04844606990723731,0.2935524877024046
QB_NZ_F_228,-1.2439153962885041,-1.5034295830429394,-1.593235032250025,-0.1609098621788472,-1.7202511225876331,-1.329983390320665,0.39582168665407663,0.03357019487465773,-0.2550969131688712,-0.008049009430232837,-0.8202278388235933,0.09465836650677016,-0.721805684713132,-0.024393283024251353,0.863632573414154,-0.751716646971338,0.10255992793482176,0.8932701184644303,0.7060060015374213,0.045134166006638506
QB_NZ_F_236,2.7321082618804784,0.7792228708589336,-1.2866690605727737,1.3570377433363594,0.45962005650937565,0.5515076456328354,0.3207545275201014,-0.1596054839499741,0.12713801206140077,0.20559091121905262,1.0283412642446765,0.024876028846328002,0.08964784870648326,-0.4391810988649644,0.039196585411836,0.44307272585339125,-0.1710427629049063,-0.06753845993951844,0.012829657945993908,0.21153075559809348
QB_NZ_F_246,0.7450658609527352,-0.7292793854390736,-2.4623843699378236,-1.2026265949411545,-0.978349229197065,-1.0517850066951169,0.0018143482506583761,-0.20178650016313576,-0.018429927458539806,-1.033343915008479,-0.3958677870786926,0.02705318293522323,0.6825101985563905,0.0747183499107731,-0.49249953650121747,-0.1411643216469736,-0.3404417634597343,-0.4350901153296011,0.4900594479732839,0.015019553067638339
QB_NZ_F_248,-2.581901481573353,0.21393954780289903,0.6977144965421611,0.6648112629882938,0.4502708570616126,-0.220868758078859,-0.28205454121591145,0.08332533724151371,0.06487996633947964,0.896821665624412,0.3024290535819211,0.415422492772113,-0.3142559185029762,-0.0049143651117154324,0.11738080837284501,-0.5504428889008238,-0.008070723363458293,-0.19692877686683427,0.37919284011605314,-0.03950556915293637
QB_NZ_F_250,0.352305848239251,-0.5993141666472892,1.7600072308678516,-0.7467080561928069,0.012058884579982753,1.2516446688566825,-0.9470299563282075,-0.4196026919855575,0.15777768323335795,-0.18639764975882941,-0.44286698229232246,-0.8645630543105446,-0.2649923662838227,-0.9671747141846049,-0.2808626093098214,0.5025915333428251,0.14043993036742414,-0.7548650817492966,-0.6794528914770772,0.23378871216825312
QB_NZ_F_251,-1.1503326150201656,-0.5029307923785233,0.7209151084532172,-0.06918784232367124,-1.716123281039993,-0.7130573765311037,-0.43903720709646354,-0.47390015055712037,0.23159817260190274,-0.5776222807253484,-0.07150681353732379,-0.9590812356741364,-0.35232948360048,0.018269942426022454,0.2932569457080439,-1.1917285090292042,0.3565911939444942,-0.07364587037093728,-0.1422037478723468,-0.5791253406988788
QB_NZ_F_265,1.0227659519152237,-0.5771476340496272,-3.0644230558849457,2.3762529245146644,-0.7183498266201825,1.3861397762192837,0.49251314777250405,0.623138768290191,-0.58729613976301,0.7303422809963708,0.7468983334065643,1.1277087893834707,1.1059558294692668,1.0621600549079069,0.7566136168993478,-0.03128016969630359,0.41554375294359497,1.6421816150186175,-0.19505641855939143,0.5307147009197267
QB_NZ_F_266,-1.9396994160196004,3.953502287876155,-2.62253510433562,-0.8583183981598791,-2.97216215064497,0.1403638615066249,0.9300356462968277,-0.714818166901524,1.1624021747952173,0.48756384417825227,0.4397203280457818,-0.054400043963245305,-0.43814170416087195,0.9118534290651116,-0.1610770505233695,-0.36420475740148917,-0.29595466774974705,-0.5155895124665082,0.021702263576361003,-0.2575630258533944
QB_NZ_F_276,1.1572023976174717,-0.3081658794967077,0.5706023121259632,0.04508840006196744,-2.7170564145727956,1.5345448214974329,-1.0589084970328906,-2.446998744535567,0.47717890251392925,-2.737048539145752,-0.34171447438926233,0.7771800312805945,-0.812354305340465,-0.3892243415917545,0.37191033421530123,0.6356765855142539,0.07550077972033407,1.1272101633224474,-0.2698101806961624,-0.11268542590334289
QB_NZ_F_280,-2.986451113918133,-0.035927639568439904,0.16797896473189255,-1.2936473708753724,0.8490041759688486,2.1885899957698296,-0.2727613388924343,0.24739508892163517,0.3699106764886592,0.18127992733093065,0.4977242110729395,0.1023804570530796,0.2817638657547432,0.1638068863572555,0.006762388662069012,0.3059895489041922,-0.8470495304676654,0.2750151621279069,0.08651165634983103,-0.3842952378429815
QB_NZ_F_281,2.5299215792127594,-2.3419328835164652,-0.350235653346459,3.111514380343162,-0.3637258637681304,0.6568405776008662,0.8595993003880251,0.7452519942446884,-0.9404321531409048,0.46720571015145873,-0.6029471653006263,-0.813546003530971,-0.06958318169596338,-0.34244439609624006,-0.14738815453283785,0.3173216564570614,-0.32671368269137724,0.8635551421157133,0.10062797445973862,-0.111159174173526
QB_NZ_F_284,-1.9172017119460534,-2.081597379346601,0.32683942562912777,-0.4360212696579438,0.13621015549134935,-0.2988924507741072,0.15128383719733943,-0.6399220913739533,-0.8087596079169173,0.03886425322116759,0.5854454298492793,-0.1497872421027668,-0.015166048715208467,0.23498946143800553,0.6977107198958739,-0.1317765602035663,-0.18072227541244595,0.21814849407321674,0.7663015267910873,-0.4224429097434256
QB_NZ_F_305,0.08091971566042964,-0.19662098499089928,1.0472776189801367,2.4420307223479703,0.590948289886723,0.09464406915257836,-0.6996966064350255,0.04374987942137876,2.1660305950695813,-0.9979983714534177,2.3697683581895004,-0.6558875613677673,-0.2190960687500592,0.10619104680275661,0.20327132545669258,-0.06180423561279083,-0.45663477471807246,-0.052596904548509495,0.18000679271652734,0.4994191937922741
QB_NZ_F_306,0.18612671265753597,-1.9085004786188682,0.7319958254530704,-0.20230545873382227,-0.15948446894194573,-0.1012808742811551,-1.4311355291911911,0.46346680930214257,0.5838005135251338,1.8668702567954873,0.4140066703391565,0.34738658262534966,0.5454575454207945,-0.407678467670078,0.1773350785530762,-0.20054735199277754,0.4018040073670281,0.20224838128873673,0.23223060720993519,0.06477216185528205
QB_NZ_F_307,-2.564354799834221,0.9240348781196958,0.103853766884697,-1.1900356726366004,-0.732399620343931,-1.2190385861689277,-0.8927601979555563,-0.357506551254387,-0.6888955454745683,-0.4363155830265954,-0.9534714499133172,0.775279813439624,-0.5129285396525963,0.5362483586101997,-0.3947690664320032,-0.9120265283754304,-0.794558203679798,-0.10702593163850875,0.27871456777877746,0.3275934658175444
QB_NZ_F_314,2.092635626766105,1.2251221558077152,0.7927207389190025,0.7321872207272021,0.5476080593413272,0.22086576878438163,0.09778824605371106,-0.2051464160121981,-1.2004390345314022,-0.351796549003458,0.33723853941263626,0.39262551382957683,-0.5740478627073101,-0.0023687122324719317,-0.04733178681050311,0.21071636884236214,0.15111746216702737,-0.8613438251921007,0.12730958883726498,-0.045708186706156693
QB_NZ_F_326,-1.2086357626051256,0.1385069733582345,-0.2846709374304313,-1.0558912476153672,-0.7573048148864908,0.5766539728769232,-1.0334510790021962,0.8339358089791407,0.2723155266848495,-0.6646269871088764,-0.3920696457864465,-0.10247103184781353,0.2325428399405791,0.3536445192387289,-1.130802742477723,-0.28230863799038725,0.20584976292770996,0.33226235150466144,0.34640148898203216,-0.5002203928612523
QB_NZ_F_332,2.24434419029436,2.0252181686760045,-0.34020122902348754,-2.005252960254932,-0.2510445755476235,-0.5227471027092709,2.7481043843169073,0.3697190513445971,0.8575909855078764,-0.7820710531259741,0.11499259746888998,-1.5371661317028307,-0.9828068694892521,0.02207987481236402,-0.31177793911291335,-0.14605856781031076,0.34847096648785003,0.7762834004870997,0.7927272734742642,0.6563112902970895
QB_NZ_F_344,-0.8243170891495342,-0.18033847532474145,1.6512241162861276,0.3284890999080543,0.16753833464364046,0.33636089710528333,-0.00774681276607365,-0.9073639742818533,-0.5745951146503171,-0.7540976737717583,-0.16524386695136464,1.0247330665992107,-0.10541331831783918,0.09104395533603508,-0.1252487029631976,0.0761712347773963,-0.08175779509871524,-0.06378761427199299,0.3240384995805082,0.03036408633727429
QB_NZ_F_365,0.6515960079014719,-0.10798411694245837,-2.372684189276473,0.9239190279857431,0.7987157431621759,0.49209018921715086,-1.7574069907370986,0.7789180350720928,-0.08179168526801474,-0.2255140475144801,0.14930505562010107,-0.45150757519277024,-1.6666764471664552,-1.0659715270575791,-0.8095000556885819,-0.4626716392778227,-0.24671583158502383,-0.3088499493121221,-0.09723512659373,-0.49477429905182774
QB_NZ_F_366,3.8997865679938064,-1.8410678967663994,0.5465137860219553,0.07306072358366823,0.6139735740162297,-0.7894657627314886,-1.1082541142650677,-0.41358119939222737,1.471032909128524,-0.18710269346938993,0.09246269253867916,-1.3505384659002022,0.26377505251724365,0.49802918516984024,-0.2643485487258436,0.6425062966728459,0.4072874470815478,0.35613337685675206,0.09173626480473333,0.03844952867666223
QB_NZ_F_369,-1.5330300265258938,0.9321214661953974,0.4980655135546376,-1.3795016283482076,0.008547167646630752,0.48499888303440014,0.4403196341900069,0.6863086631479477,0.27463085630811385,-0.6236135923442513,0.33831592122530896,0.19460334226990278,0.2890963686262443,-0.3304127552932398,0.2375171189225971,-0.13106110121329514,-0.4412072411262417,-0.38878360987822314,-0.05105793261605774,-0.23346280293669613
QB_NZ_F_377,0.31053143471503586,1.9251883748959142,0.23456232372814861,0.3006307111267565,0.060324983155747636,-0.6283077801180945,0.07441017314255959,-0.01792848775327895,0.8210489984800026,-0.7205793294025585,-1.4564725900096336,0.6441369250814902,-0.03861009853329001,-0.25840962847451265,-0.583014051999915,0.13164377620580933,-0.4369142699037664,0.7337588887608179,-1.0026674745896513,0.04978182401879578
QB_NZ_F_382,2.109039501571976,1.1285611292148954,-0.1973449488225529,-0.022438664593345446,1.7720118618361542,0.12817881622272514,-0.3589740827565006,-0.20555093914606304,1.122179605596077,-0.7195974943694734,-1.3997414798719663,0.10338933587667057,-0.3910016303661247,-0.003052159194319588,-0.28936965460602687,0.8516282067386642,-0.3277540821132945,0.35046125360156966,0.22740561774920875,0.19949542433736261
QB_NZ_F_387,2.997250490096785,0.08111843039189959,-2.2688301383234317,-0.9247939700403172,-0.2789111758900556,-1.415218360499863,0.9047950585168819,0.3010806277762406,-0.49086560719931654,-0.6808059677343171,-0.10644905859606184,0.8044878117415091,0.12512892911130408,-0.28091202562001383,0.5078338918688383,-0.18997765826059007,-0.016509516014582854,-0.9311998658345457,0.23555753829398426,-0.23955991489604292
QB_NZ_F_401,0.5569297264273109,0.6620376669980398,0.053005998700200514,0.17138859024319505,-0.16297536368664,-1.608298364769644,0.44330056431514636,-0.3046488013449597,-0.9436056247621559,-0.7384595098294164,0.4230210973818769,-0.19736404666677768,0.42189913087011716,0.0625574103269286,-0.8968626017560175,-0.45888838683154143,-0.6686783603371895,-0.5084037910085064,-0.17745981092672686,0.31538144246471733
QB_NZ_F_404,-1.4643917428055642,0.21420266798481175,-0.15759926939336272,0.9555225856053333,-0.41783241650488445,-1.2941612228796935,-0.5372454531195925,-0.570185089475265,-0.05022385168580836,-0.09397516277452812,-0.26692904711227206,0.027405392483149996,-1.2763431653649617,-0.6307927485411744,-0.5874056612263797,-0.3329059643688249,0.8836272923092987,-0.6105826481450431,-1.0001045459316122,0.10699463102497224
QB_NZ_F_406,-0.24361323084610567,-0.5991712188949226,1.5098289518770158,0.4947566005302011,-0.48778301333561913,-1.1564676872501194,-0.21240728027784628,-0.4112046620044443,0.8746793401476074,0.745322319872438,0.1407940671665598,0.21262890952554034,-0.23428583948849366,0.3619398560761807,-0.32744732379874436,-0.32699517218500834,1.231000630346833,0.28986577110637807,-0.14611069590649162,-0.13736068417461467
QB_NZ_F_408,-1.1239545934142503,-2.1920044994110666,0.015417325667567226,-1.3542409857920976,-1.176942995595016,-1.1096964244277454,-0.2989593898193034,0.08268881515075954,0.3943833867191596,0.6313347210813003,0.7289705305052941,0.5313016261209138,-0.19492632553904934,0.10284120408336964,-0.24549264898251466,-0.2393061303423278,-0.5506078254308828,0.23558579309907718,-0.2543513683061418,0.27138230266723307
QB_NZ_F_416,-0.9334681501102715,-1.318029960164429,-0.6480801684616159,-0.6985574946825845,1.3865815614627537,-0.9009361615847409,1.0417865633449068,-0.40613643033863484,0.07986104410548893,0.7467214944282303,1.2237993078409533,0.16984451798494532,-0.7493127582401133,0.08767958331931093,0.4747468317727651,0.34139803913239997,-0.36276252900540634,0.3080166214582791,-0.3362199428125474,0.4750846312987737
QB_NZ_F_420,-1.751492454948905,1.328762566297205,0.2733074643383614,2.159093436555041,2.252719309056198,-1.3213200319154026,-1.009599213511522,0.8600214854845696,-0.19469314895569173,1.3340348535925903,-0.04099502917748661,0.33026875232293607,-0.09442062995553056,-0.16000885686453478,1.2776524861882899,-0.09424753397673062,-0.028264900345698785,-0.5852361280005676,-0.01476579103546313,0.16142365171421538
QB_NZ_F_431,1.6642049674404475,-0.7924144369311555,0.06245926069628727,-0.49391555970354256,1.261444028556407,-0.31098318311447415,-0.4800201434583846,0.6418826259021606,0.040141000568021425,-0.7210530174202214,-0.14955111282167838,-0.20143531838588127,0.03719166315897085,-0.11004841921021213,0.2624452072946247,0.6660289125459378,0.1625308973289684,-0.46263554442522925,-0.5918569182991331,-0.18156203134235444
QB_NZ_F_432,2.9537666802495646,0.8052181949895142,-0.7156573707639502,1.1098949062906225,0.47711286932237695,0.6054513604339381,0.21280314436180775,0.031112650321585784,-0.6878313095571007,-0.12482409683153275,-0.8200956902797756,-0.18056766107016653,-0.15122921229047,-0.6935698070809553,0.2623338539807136,1.1064720100069665,1.163783054007899,-0.13426161419530633,0.7781536354570403,-0.004911441659690209
QB_NZ_F_433,-0.8418883798331908,0.9384364939408039,-0.029026344501815418,-2.1959570571856966,0.320027967004077,-1.1556527653688893,-0.41808283751342856,-0.3455484561835474,0.43386445432645027,-0.9581241991165708,0.12574681208054408,0.13251319694221772,-0.13781000991333928,0.447595789304037,0.601320794722443,0.35321427660851906,-0.5730974251082126,-0.3670881497309536,0.04262295459479944,-0.08394475116958751
QB_NZ_F_446,2.2251670601906466,-1.953003745929198,-1.6618461882063007,0.8581066883396387,0.2602101995883867,-0.6118121613861465,1.0299344904894259,-0.5233285856804657,0.1336757996511694,0.5193855755383682,-0.4766983043348831,0.79255892643703,-0.9153712713060095,0.12786223703370295,-0.3453374422707019,0.7723174120864117,-0.2840688374734618,0.21180246107216935,0.04276971032917871,0.09342660559481851
QB_NZ_F_448,-0.21253118154584247,-0.3046515000832781,0.6141292410643845,1.0386358420043418,-1.30341097484819,-1.3745335967021772,1.9133529048721178,-0.9162186652177405,-0.501915458923264,0.3397098794990282,0.4347725310935755,0.14045348978482375,-0.03339569106324666,-1.4395632585577944,-0.44061413944653455,-0.35370222583430183,1.143417848922082,-0.6139274880452599,-0.02669524610003908,-0.20597107236451417
QB_NZ_F_449,-1.4033650548550278,-1.541594267039247,-1.166025538479643,0.4217168809904159,1.5720299579336228,1.1639434339876709,0.6692252878346858,-0.33935297521373925,-1.0493686068208259,1.4888442919543405,0.5620191625765467,0.5401143886797178,-0.09022100835073721,1.5554174780881052,-0.16451699179825044,-0.7969839959405273,0.37000490282171306,0.4870889277520323,0.009769089877299053,0.051003402666516304
QB_NZ_F_468,-1.7294879521560969,-1.032514228655364,1.7073385959829808,-0.982191134014106,-0.7104532779730819,0.09292904265686625,0.10698307488460491,-0.12074009776621228,0.8951460104629707,0.03401385490044445,-0.8895334935748299,0.5030699558356857,0.421290478206622,0.4327251340690671,-0.7824153803591549,0.024447373341231163,-0.14654162329811513,0.009761052473596986,0.017199426527567674,0.20123473378516568
QB_NZ_F_476,3.589134408626728,-2.4837810401547205,-1.1260380120412408,-0.5533352682580488,-0.15582799949827142,0.24826331068694066,-3.161461245250666,1.2367251854044166,1.2990166235951317,0.981850354978558,-0.29101206141324787,0.6821386931886493,0.9332058834033474,-0.6487371820312373,-0.15698904693072288,-0.6299469980286319,-0.4313959875075398,-0.2697241468866111,0.6064913833910925,0.3786725093405941
QB_NZ_F_478,1.6140125436862987,2.00576058757426,-1.200561743619279,3.1416850832935337,-0.34833003526455053,1.4132631257333859,-0.19915542221032664,0.017095928563120182,-0.01479999353166859,0.6000399313917429,-0.9927570164748601,0.4973644494802456,0.4233391896548227,0.1467898008136237,0.3417482216742656,-0.09050901121090249,0.4497445771582584,-0.2526810327725632,-0.3586944858763312,-0.3365009473016071
QB_NZ_F_484,0.10179042877554847,-1.172875693197146,-2.2393576008348974,-0.2941349688461866,-3.311560986057322,0.7067454798082289,-0.29806124718353083,0.06200665191790786,-0.2719896058843268,-0.2666038803520608,-1.2160758662628939,0.7872663338777544,0.05627776873409764,-0.1711053130614834,-0.15921733941698712,0.08105334594258239,-0.3978640781141313,0.23577644630732256,-0.27416735010595655,-0.10631873675372944
QB_NZ_F_491,2.955197096920825,-0.7268302500221997,-0.5120312286640342,-1.2141944858989435,-0.8981485173366769,-0.5445467479517246,-2.521430632197899,-2.7624940883975313,-0.40344607063519644,-0.5920021747590981,0.3140287283292614,-0.573872299207859,0.06412863464346057,0.7883051580037009,-0.7614408671878278,1.2292028586750197,0.5558874399133454,-0.20167290440510324,0.7046969016852188,0.25316719024889667
QB_NZ_F_500,3.1626610884894193,2.948187180306598,0.29212735632389303,-2.079916669602996,-1.029765675812695,-2.1288579985217866,0.15659234857024718,-1.9133230253460394,1.3019478998988714,0.45130317621732097,-0.9164915398696221,0.5260360041698598,-0.38548334162219955,0.09679547667929471,0.456500714272641,-0.6784427109111203,0.5510190592219633,-0.001536239201052524,-0.07082198666098807,0.08278923180116805
QB_NZ_F_515,-1.7307396164579694,-0.12526753368434648,0.897214317114832,-0.6945056609786122,-0.3747842230064218,-0.67092148226799,-0.36617741797979875,0.4728196383490289,0.011166073751558193,0.590085077213302,0.7786557199833645,0.1705640326354043,0.5156601246813646,0.2963738822807271,-0.24397806481554324,-0.18656547221641667,0.04528665642230659,-0.30514380802867147,-0.13966746966591723,-0.04531702388422718
QB_NZ_F_519,-0.33856421724538266,0.7772691286015327,0.2829025396957404,0.21189016812538475,1.2023966979271177,1.0353583408611178,-0.6717908758847577,-1.4610113334724282,0.6446904509469875,-0.6149396086064591,-0.32403483191517346,0.1854939519994739,0.4443134009637158,1.6892700553010411,0.09631324587893093,-0.13468471882561084,0.21664400055901437,0.8379054920380179,0.38775230070140093,-0.3085025030488228
QB_NZ_F_522,-0.8574866746067891,0.09026849439629349,0.27560618071779014,0.8045374522934797,0.19637198877865514,0.5278538530947056,-0.7019901860909361,0.4757448710471779,0.5996451835174315,-0.4914937218275715,0.527222736099172,0.17154499856099717,-0.5476172342682738,0.22683299013438066,0.18192669140287393,-0.025355609784749048,-0.25589970548602947,-0.01624940174047189,-0.19757989960205613,-0.08440216959529837
QB_NZ_F_525,0.3156797383583775,0.7127014171336924,-0.39297672742123874,-0.38971442829374636,0.12444194763448066,-0.48679865873014616,-1.0760032701903381,-0.7702254949098684,0.6498925942146815,-0.1878221105842832,-0.5769784117982384,1.0584769784804537,0.6106906803394765,-0.3875044823817801,-0.1699794315634236,-0.7261436807334203,0.2370786324149945,0.5858846383485905,0.3951130247097099,-0.24164244720093092
QB_NZ_F_528,1.3887514171641873,-1.18858890902227,0.09759424848936465,0.8536806874428164,-0.9193150356624841,-0.15606508167111172,-0.24796185900488615,-0.06861170527503974,-0.5255113980288177,1.189794732747687,-0.2059478132682411,1.1255792550077264,-0.568442850935974,0.23214936180219573,-0.3076735530885484,0.48364690478975475,-0.43902917462763447,-0.4480649554459134,-0.04539370662815095,0.4499459852706123
QB_NZ_F_529,1.6802843485131806,-1.0117772830391893,-0.6729122491909415,-0.43218751924620824,1.230542269927793,-0.371321699208329,-1.8261271245606665,0.7096191941688714,-1.502183134485436,0.004059242560759178,0.2409768511265125,0.3731301361710918,-0.6383742822134575,0.12213004310118497,-0.29404654922149237,0.8466649683394617,-0.2260568220543201,-0.49335626043564484,0.0033032015397812062,-0.2960151979859588
QB_NZ_F_531,-0.6434062909836338,-2.0731739910020206,2.0063200578682703,0.059456905752835944,-1.2810799472557002,-0.0521803261370035,-0.12583961800868096,0.5401841914712173,-0.007556682663184613,1.0637035749732926,0.2931624007974067,0.7282518326686023,0.5244486583460591,-0.3329300320348417,0.6566875707108507,0.25256010358924585,-0.4056781384775397,-0.10008191816882905,0.3381110985764839,-0.3359089302301313
QB_NZ_F_534,-1.446889352983787,1.0907788034761678,0.5937202733553149,1.4028260757895379,1.1041803268153279,-0.6476482772078436,-0.24347151904990424,0.7406194413519877,-0.054501737822079725,0.017887797039988464,0.09986108184273931,-0.6323504213764031,0.20913337785052616,-0.4502499501565337,0.16317931310985934,-0.11514932330150117,-0.010905163395995485,-0.10952203428214517,0.2991340385764023,0.07774956613307296
QB_NZ_F_537,-0.5394718604922204,3.8451801832994503,1.878463150392924,0.46949651483949356,2.491753524658164,0.8817386290889874,0.2035523822474634,-1.9376211179677816,-1.2030682414352036,-0.2084605724248879,-0.2019176887910647,-0.19740547070895836,-0.5031630626434574,0.2147127671653172,0.28106043373487904,-0.018860142607881412,1.0460054586346887,-0.5221959272062388,-0.21760763288839152,0.6516706290411572
QB_NZ_F_553,-1.626857244575808,-0.8817764889932556,1.6510685184043212,0.2717302770453652,-2.7334671254632847,-0.2946518351856439,0.6699819130357956,-0.6898156027444987,-0.7170161430538641,-0.9284002620790596,1.4148051343944548,-0.7070697137783388,-0.4344179261433701,0.15016348067969484,-0.2268637460399027,-0.5349547268471945,0.21426007345578937,-0.9028176335079362,-0.025789623760016037,0.28609182287821694
QB_NZ_F_559,-0.4483692835955161,-0.14863271091368063,-1.6629788089380724,-1.1669327305104777,-0.11398005619007573,0.30609163846600473,0.08034835571768689,-1.3008645164344321,0.6026525223298862,-0.20794940727978814,-0.2595412968981929,-0.08209071506833648,0.5523763289819567,-0.13569505979246876,0.240060826302572,-0.7211793396639451,0.20699780043728824,-0.5165790782528545,-0.40716296286671466,-0.2500050869178189
QB_NZ_F_560,0.9876869556452834,-0.6901249972338592,1.3075240022892232,-0.8403800199967312,0.20910350020438062,0.09435566399467471,1.0072358236513503,0.5290474616891419,0.21272193624072466,0.47795719116503976,0.02185098658782556,0.06442960202744233,0.04467096590624655,-0.4510189158339196,-0.8252898037972787,-0.13528327456678163,0.12575315190049555,-0.0042292508648130965,0.04974805567695947,-0.036059450983091323
QB_NZ_F_561,1.1932877849338497,0.1423562295252932,-0.5589232347835426,-0.7005601321847269,1.937865234987992,0.19206487713761916,0.6663679796442046,0.5023065499992343,0.8486182249719161,0.16343242615826442,0.04886144420368647,0.019916830003443804,-0.18720888700858862,-0.47964578681503983,-0.18235640962913824,-0.9780006545827848,-0.4752174459233283,-0.46580983066553433,-0.4067265546530125,0.08218798195084892
QB_NZ_F_571,-1.4769901678058177,-1.7628211756990502,-1.2149842582865804,-0.3564755666636146,-0.3604931569982707,-0.20876077148912098,-0.7781433175296809,1.5133686454184907,-0.5814172701023342,0.3533202592980917,0.2940827671069776,0.48157940015845463,0.23492192495620556,-0.1646742613763214,0.4097565328773596,-0.36159457190736893,0.08680136779277776,0.4527614252370886,0.22649898833021287,0.22541125324542527
QB_NZ_F_575,-1.4885230548117228,0.23539159127404818,0.5865749930719089,-1.5866679094281413,0.18915847326392593,0.23332412208932274,-0.6333945168762326,-0.8334571822582738,0.1434635993960006,0.39178310356716334,-0.7486412903278191,0.38992461629868447,0.23179116217884285,1.0159352897024987,0.522955230583189,-0.09108660103764402,-0.04964448855654372,-0.354118688124672,0.33035088189925604,0.15074166755502935
QB_NZ_F_577,4.298082543623172,-0.7068634023589985,1.0123297330063095,-2.2185522809469713,1.5398768137398746,-0.26946004413915314,0.8596300249420317,0.6329884348513038,-1.0316804994386628,-2.3284193048459287,-0.09382371135150404,0.5585572420917901,0.8903137109397009,0.27673756672187577,0.13014590622439284,0.20845938195562413,0.049804097204146726,-0.1968197344310004,0.29427302169599984,0.1573725238862102
QB_NZ_F_578,-0.08408867321587064,0.22906849581169966,1.8792982468086823,-1.805757181592775,0.024119046492475118,0.057692332053791526,-0.1119791239097416,1.238358000066479,-1.3702804655932874,-0.43332314433923436,-1.5710487351013322,-0.643138005239547,-1.2399726404517675,0.017152769847422995,-0.18598885819698438,0.050542803727108294,0.42819909411045837,-0.23245663512676354,0.2979612789569638,0.275505383533388
QB_NZ_F_581,-1.5914261762893873,0.5873845407306512,-0.6496936832243146,1.3346188075950995,2.149582143149582,-1.4552546219396383,0.9526965060112632,1.286849160678882,-0.6146581803537238,-0.596360918543386,1.0334983635130877,-0.16496169170860553,0.039658521753225616,0.1288276126544775,-0.35016289311433446,0.24119481110476926,0.2901003102138676,0.37892947049335246,0.7955876474000956,-0.10170603731308155
QB_NZ_F_587,-2.761168546561322,3.3054845770490062,1.5372350083100328,-0.6263713964776275,-0.5163940465638873,-0.0034968394430465546,-1.3107716275147627,-0.08623307660028555,-1.1121721257772808,-0.12103951141932869,-0.5370808894750985,-1.3305776254046566,0.5237005903687839,-0.02668883878049538,1.3444435871539053,0.3636025983320684,-0.35563333607749825,0.04140464758903348,-0.7162733011703664,-0.15301537082081915
QB_NZ_F_589,0.9552762339708322,-0.2459819884714453,1.3412251580217736,0.6199593391048216,1.111834681716646,1.7334799999862844,0.2545063842249284,-1.1147794044726473,-0.7408197448487889,0.5252664610224426,0.3919755230841764,0.5161178728845307,0.3715162746844547,-1.1349968291635517,0.4574662221907259,-0.3792690089250245,-0.9076611281398936,0.10361918445285163,-0.08974570760994136,0.03901454525683116
QB_NZ_F_592,2.2944440132150055,-0.06266289074368045,0.6870139987750253,1.1245188861021225,-1.9920347792923123,0.042651936822081175,0.8118563024663852,0.1230648508064059,-0.557706237551211,-0.8895941890394599,1.2138947123684958,-1.257873035755024,0.47434702610397883,0.6433991167217566,-1.434671765637072,-0.2977703840348933,-0.2045929967597404,-0.552018283039376,-0.7444688703239182,0.1767451888701289
QB_NZ_F_597,-0.4042213452905439,-0.282127358156655,-1.1386700727586747,0.48428541692749105,1.4415671501745675,-0.14235287287258203,0.8404889859300938,-0.06357763820189595,-0.8296045309438452,-1.1986210402271782,0.20025357251978246,-0.4855336855277553,-0.34310218393464564,-0.07367289144249005,0.12208891230872986,-0.22771173573353898,0.14643026790033334,-0.3804405320921183,0.12611998407218436,0.1701856671406915
QB_NZ_F_601,-0.6568626978370372,-0.050962196685849295,-1.788661465565953,-0.3847042246754237,-0.12117452188293215,0.0828311784240648,-0.8004826966692505,0.41338361273067215,-0.577157187376444,0.4247349243626342,0.09672439291825612,-0.8817408323854492,-0.18001114665403004,-0.32767623227386633,-0.17598005099361702,-0.4135655400825316,0.1990325117820102,-0.045745405918458916,-0.5838978951962047,-0.2462869688288803
QB_NZ_F_603,1.2455157153622431,-0.3726594476584438,1.1015859159896184,0.5651923509794821,-1.005409949174338,3.193055389568242,0.8940894158706842,0.9939897111437003,2.3028315210262917,-0.5880094436559755,-0.766005237113773,0.7821400583502506,-0.41442002178336657,1.1362589228872593,0.23700339480184912,0.5084165724839177,0.6951001995994335,-0.7594827631294875,0.15934531770634663,0.3684848836859797
QB_NZ_F_606,0.1622984156712673,1.458434734632802,0.5830647977099909,0.6240397275584764,0.7303223029925594,-0.3797882780501886,-0.2852879383191762,0.1839408429483697,-1.0718088321694013,-0.5384900538963472,-0.641229314765654,0.16334966809872833,0.10614839245345466,-0.05984124919148898,0.2255430582327164,-0.08854319816234617,-0.9608148686237283,0.08251617147944382,0.2244683374047471,0.4640952783022376
QB_NZ_F_608,-2.7549686082935443,-0.3099803089764129,1.0512740966524967,0.8563508921543499,1.068575886112858,-0.4977181609989177,-0.8662231722355643,0.9217202239238165,-0.7106780499273294,-0.5503712015907164,0.3446848312121781,0.20443108061497003,-0.17380147950678082,0.8572185536036507,-0.3281510728046471,-0.17215790359644717,0.4862904900970684,0.2134798088077151,-0.030559795458271352,-0.17685579236301294
QB_NZ_F_614,4.47799533358074,0.30948873225343937,0.7854540196358075,1.5628361401128272,0.3348348140366027,1.2746496590254142,0.29723984313343516,-1.1342635333811566,-0.7954367700816043,1.1081283226998764,-0.028471470980980094,-0.2331430231112865,0.049918383744660864,0.3092108102388996,-0.6155580196122166,-0.35045363696180365,-1.1030109669039903,-0.2728807149565879,0.162899423016502,-0.4692918871628499
QB_NZ_F_623,-1.5137428545147356,-1.9618585469346574,0.5518368962383174,-1.1073119725487746,-0.5569635313869682,-0.0179161900351205,-0.2198656642440191,0.5914249153301142,0.3267285441857993,-0.6050510074406736,1.014494709467911,0.43909798368491243,0.7314564123211894,-0.8319707897682304,-0.11167318343053886,0.4149001999992424,0.7244860844952612,-0.3038853829458141,-0.4750758636797466,-0.07571186692104709
QB_NZ_F_625,0.12007864622940788,0.30996712322082887,1.829384054771945,-1.481435711995496,-0.8703626062037118,-0.32426846383636015,0.5987910294843076,-0.7832639569744727,-0.013917073854976321,-0.20545914954002745,0.5353934166303256,0.6205325447102692,0.16640276772976592,-0.0829629662638948,-0.14879608843457984,0.35938275707905243,-0.756078193398001,0.20628141620329324,0.10908965248004648,0.011842824608731903
QB_NZ_F_629,8.253999614594614,3.0229473663025126,0.932925729166008,-1.1121707486287211,-1.0606873073951906,-0.054580383741983284,0.05510564011373869,0.9001178755947284,1.8683176185764296,-0.40045729664532115,-0.2547458977988974,0.38704583244842555,0.022256148307529925,-1.1770598551620473,0.03491120281821841,0.38727873435639393,0.5118602227493692,0.8947450307660417,-0.11626088999643168,0.31377013809472826
QB_NZ_F_631,0.2917690196422763,0.2534633941867498,0.5835215464351221,-0.2283751123471349,-0.4212913900340226,-0.608200187620183,-0.488550656139062,-0.15664904679679278,-1.1834142315105718,0.03962238889559323,-0.030925657961917898,0.41649058122252614,-0.08059440745060917,0.3535301949733618,-0.5632120946317253,0.2052402810080725,0.12901866609758536,0.423976139772843,-0.5656679443079295,0.015528146898906177
QB_NZ_F_639,7.626741186402705,0.275255005747897,1.8996860132566327,1.3058144621144865,0.25970240905437075,-0.12427756810765118,-1.6432595919150441,0.5491496587849203,-0.08424133900248072,-0.08262415224879809,-1.0670855196240268,-0.0755556600827372,1.446445279613044,-0.9016152264721037,-0.4426506795189559,-0.20841529642514448,0.3708394364300645,0.5781287832532844,-0.13702194949374608,-0.022508653022741888
QB_NZ_F_646,-0.4114935375302495,-0.7460013973579888,-1.2039706364272291,0.7053006118621247,0.31443945451257277,0.5901694235926597,-0.3959894426577547,1.419030615468054,0.6587890683708784,-0.8099194219390339,-0.036918012574011644,-0.7202726144196988,1.1369086334209388,0.0949620912540129,0.3668729415503876,1.082980733958633,0.7141232985268027,0.11455044662117553,-0.30033120032183186,-0.04344598389799754
QB_NZ_F_653,1.114758937115767,-0.44475744206445667,-0.25722491961433475,-0.871595801032259,0.2572028484359436,-1.3185566049849764,-0.42036777299916783,-0.655012848534103,-0.22612091515970237,0.47452038160652593,-1.5418545153437588,0.37229650286285104,0.46451176886258994,0.01633971674563471,-0.38183118656285164,-1.008419861580305,-0.04726052059089869,0.4542234690015578,-0.1838404488313944,-0.3771254736002543
QB_NZ_F_658,1.3122703337666244,0.6195195218180279,-2.0162978401552083,1.810950113976736,0.3945843147202968,-0.015569396200355832,0.8920588859409043,-0.47240704712920406,0.5758319781080592,0.46018005638805337,-0.7841796125320412,0.0733440590715655,0.23393711838843598,-0.7306453918919877,0.22295255951817833,0.39268640201996335,0.4221685860419958,0.19915847001119985,0.8406320884754971,0.4457208702509105
QB_NZ_F_660,2.9861601901565265,-0.8229051944157886,0.9241738084121662,-2.0342060308248833,1.6009112715439675,-1.500001688110877,-0.3157295092926816,-0.006318494898166895,-0.32755303405508207,-0.3462749291792036,1.2039600760961857,0.8826862533666745,0.030385586100957287,0.17897174492794873,-0.673314244433817,0.47400750859315377,-0.01904099331444341,-0.1139478667873279,-0.5497923535774106,0.08990408860177229
QB_NZ_F_663,-0.17902482480386778,0.44112057780555125,0.9348996816514664,-0.06699371716121837,0.024862545407885482,0.2138385858151472,-0.570560817268698,0.5711993826681342,0.3204487900945777,0.30383593785022206,0.33059672490954506,0.07045894088078705,1.0324395659452246,0.252562846930186,0.22294125762728362,1.0438103325742378,0.8582249133227756,-0.3128131210568448,-0.7181990642692518,-0.6088001752508773
QB_NZ_F_669,-1.2274718541651692,1.3798686652707721,0.676409690527566,-0.5242790598397112,-0.9827670640633508,0.003048137145812186,-0.25459956001738265,0.05873674487423373,0.6205092870022765,0.32935094483881716,0.8566441490984361,0.18202668389296975,0.17852064228722017,0.7722984439796315,-0.3420272156963705,-0.304979068117153,1.0211244153206787,0.9096857615777999,-0.54684641928867,-0.4659509678448418
QB_NZ_F_670,-2.380278155658785,-0.8727469166456767,-0.024643409551027458,0.45233185034353734,-0.45981544055387025,0.3212991480394642,-0.2282950414135867,-0.6119462030801269,0.19243588975971715,1.1571833184078175,0.04809218081998127,-0.5204439613310308,0.5187126165626719,0.3347186784046819,0.06330353758169038,0.44596744762686014,-0.12410208419289043,0.851320898059054,0.5791993074606544,-0.057251154864621887
QB_NZ_F_675,0.7191522098469614,-2.4269960975337277,0.06442020682003867,-1.1925386505845676,0.6779102924304264,0.038734943717732485,-0.34945665863694897,-0.03464846082153798,0.528362345188692,-0.5612240211765623,0.40131702553855103,-0.22523184278509537,-1.2816269304182015,-0.24512675469017428,0.07669882488068726,0.31347959977800727,0.602986665338023,0.05396223965194486,0.07083203618598272,-0.2750079744166736
QB_NZ_F_680,2.2311391332918054,1.160803778243401,1.4605074368229185,0.0752662927093266,0.10685046996305803,-0.0208484618936653,-0.2377578291435299,-0.5009508683372106,0.7211377022911291,0.40626785837827184,-0.28846939280808215,-0.4910488646149541,-0.46193903029142036,0.5541738788221308,-0.4413297517465813,0.2758229558757159,-0.14256888126024878,0.43256504496981396,-0.18302930131506467,-0.34906093229075313
QB_NZ_F_682,-1.0700312584739373,-1.0138586047768352,1.7843280313795438,2.138348357204528,-0.6334269476883474,0.3105628369668318,1.6149229018850433,0.15487301450259805,-2.1012234389081708,-0.7070440748572009,-1.0125576574927957,0.5992045751278442,-0.78620097669543,0.36191773677413225,-0.06362968885717538,-0.7094005585415845,-0.5593893133365164,-0.016298700930301557,-0.04233165490885717,-0.13664867491278632
QB_NZ_F_683,-0.3049169028408201,-0.4979344091839716,-0.5489025710498017,-0.6301837356649339,0.4451380313636675,-0.6046061789552967,1.612554709332236,0.03601986357447938,-0.8144156497771066,0.8494766563470804,-0.07372282018819795,-0.5786755124181165,-0.8940510521235068,-0.3053118238838092,0.06927551089345581,0.09216015405218742,-0.3384476617402286,-0.10932122025925801,-0.1433145925447053,-0.21980151204015483
QB_NZ_F_684,-1.9116014446356366,1.5795059314928954,0.22753745842717582,-0.07246904552517158,0.14698492920445697,1.2581175558834408,-0.28273747644873903,0.31450193603488596,0.43276893121639126,1.052307636814119,-0.981917365952534,-1.2338798564212978,-0.720265056763849,0.9408760959064452,0.1554358961644033,-0.16627346479812113,-0.3209517662858645,-0.06602700087828538,-0.49621321537078317,-0.3885122851007308
QB_NZ_F_697,-2.7614386087235205,-0.5935740132050115,1.3343097824341819,0.5169703383017613,1.0921946813536192,0.905142848232097,0.6138615035517343,-1.0112139015670372,0.9307295409374597,-0.7802872655616491,1.196178943071289,-0.40597608526386697,0.581234072396842,-1.0453421007011443,-0.4355482368228648,-1.5184711783084641,1.0381333921815508,0.27874588680449425,0.4903750671058004,0.6780675583543828
QB_NZ_F_701,1.13517825691889,-0.5645812156726498,0.4198490697420734,-0.019610919112897977,-0.7871071561003739,0.09179117153557166,2.9303878867731514,-0.7228520416603824,0.5705915829132205,1.1266347607857106,0.4068364332705106,-0.9046289535068194,-0.5845765958909204,0.5219462742751482,-0.09363177650626872,0.8680562572766372,-0.12482532431720422,0.033671606175401124,0.4498830879297121,-0.13473477298869752
QB_NZ_F_703,7.089386226614044,4.869285133852665,-0.13272255117976384,-0.6812396418698816,-2.046434575939208,0.28324454664398996,1.7393607857424171,1.4442825839386693,-0.8306193461427055,2.208078876129837,-0.16413181385293352,2.156198361449599,-1.3701920660066624,0.15445592891281074,-0.7552288656438467,-0.3039423606240041,0.7187622264433894,0.5949707758001844,-1.3890630672480588,-0.18952483435100087
QB_NZ_F_704,2.0983476438065534,-0.544371894268174,-0.3067182521853619,0.44790165572529356,0.1962918311283684,-1.1302745648599826,-0.2132958823239761,1.2391594514356465,-0.09191223185412183,0.25795661951382876,-0.21436152457020882,-0.6768810527361687,-0.8603409638125717,0.17731234476872695,-1.1100877859928941,-0.009468236405195323,-0.3207824670327153,-0.03768919188795703,0.04798743751683264,0.021329997247360965
QB_NZ_F_711,-1.4418099439633199,3.774876460678538,2.6233771381346562,0.8335431693530259,0.8025888718264573,-0.21755131971940428,1.2734328695250936,-0.09306476450002119,-0.13308276764817153,1.6949874704522723,-1.021359899534589,-0.965405812379858,-0.4754321699974158,0.9048905947717351,0.21497522179647166,0.24610333963520492,-0.5129696145481714,0.26889758488056864,1.3398906132635986,0.7705142548001755
QB_NZ_F_717,0.7144328198906676,-1.585158345747073,2.193497047964771,-0.5309248301886144,-1.1776985313209059,-0.26091527428417344,0.054829135847715295,0.5018522454605557,-0.028056776866865245,-0.411109344739417,0.3972143935601593,0.19510681234257768,-1.1329796991337073,-0.4590383231608331,0.22770840534300374,0.028834749017961892,-0.4064208103588366,0.009611233443887608,0.5483389740274474,0.12410375377088803
QB_NZ_F_726,-0.5689308762858657,0.8969874110189949,2.4625256418871766,-0.7725465651856641,-1.1257151594277208,-0.0671580480556041,0.3776338989443636,-0.8264937071736099,0.40726200556307146,-0.11241542112558747,1.9434986950239472,0.06618107675274504,0.30625033856928535,-0.5430333794974163,-0.005284510847533947,0.5443916927509274,0.12034062399700747,0.40654998669234865,-0.2037710662523362,-0.08806707180801018
QB_NZ_F_727,-0.810864165006024,5.489588785007321,-0.06636204537851721,0.1279913010808081,-1.8521603511860985,-1.1813337959580525,0.5507948383979644,0.6241792564293137,-0.8003991161535257,0.3761093157718054,0.8372992120245601,-0.47478429272642697,1.1949589678590782,0.14300766017286476,0.686046995152949,0.07054381386296078,-0.4359659537567349,0.3264582702432585,0.363101444748635,-0.755473935229973
QB_NZ_F_729,1.9968788449439467,-1.320772865376522,-2.0218399440197135,1.1600957276404755,-0.26801329265152196,0.41765061220089295,1.4696615885601128,-0.25252405813777307,-0.14597755707738194,0.5076070799201785,1.7702836344949204,1.2122454245369627,-0.43002557279324993,-0.16631685508867639,0.9033484719233064,1.2329965500833087,-0.13407312530728865,-0.04133112700244313,0.20660235647415162,-0.23986949630300725
QB_NZ_F_744,-2.2900950162643454,0.7717540236210114,-2.041339300669165,0.2664250944103344,0.8304820784169505,0.01798998277791884,-0.2165079513228636,1.0809496710092574,0.04340806994888814,-1.0192471121731363,-1.5407355009137498,0.4181309670739323,-0.37545426597138287,-0.16704850715524672,0.3690183578580951,-0.016560405349058307,0.16259322542364787,-0.42918093437313026,0.34228824673003094,0.11533862095966126
QB_NZ_F_746,-1.5617144991421554,-0.7487134701031731,2.543320604125265,0.47698133347776456,0.7957712066338591,1.1591222759214423,1.0148053304089026,-0.9905557271687265,1.500401219475713,-0.012471111081359483,-0.044834149074258534,1.1286753983125257,-0.9724889346227199,-0.20472217886765856,0.175430249729185,-0.0612084390119206,0.3211496296258819,-0.014883386894714624,-0.44895251834216293,-0.15435025816224637
QB_NZ_F_747,5.819628294796416,-1.2467889638999239,1.577947271854431,0.408172352395716,0.5615856901040148,-0.6907342959304199,-1.0635509549277962,0.33905756041208945,1.3133552878811459,0.1154442384242703,-0.5321185070038578,0.15260027344387658,0.5255851388683036,0.8407928047670282,0.537963717985739,0.32596958751447425,-1.150463411809094,0.05036325626533205,-0.34468698793915337,0.0726924171641005
QB_NZ_F_750,-3.32928084779735,0.2349554270527771,0.0975243849980018,1.412996459318501,-0.07339555106295592,0.8773997471932701,0.8539631030089735,-0.6701579996744296,-0.973467510601029,1.0121419399624558,-0.2998466805588133,-0.8182321477506742,-0.7711888063176727,0.12066122997612838,0.5034106532087123,-0.3712682245314295,-0.08133458493478128,1.1439780481818695,-0.2293901627404615,-0.3760113291454163
QB_NZ_F_751,-0.8084711848595383,0.3761115890123135,-0.81691634231862,0.5489688280180532,0.6787237197636956,0.024903852265991736,-1.3638121328407493,0.11610215412924615,-1.1144900638090192,-0.7389748784235282,0.7114867471122542,0.6320410125999872,-0.7425270595669756,0.03001889012154462,0.16534502268257692,0.305895817562013,0.2115483196174401,0.5197133152212702,-0.3664243857947097,0.08351136857077517
QB_NZ_F_752,0.9903006384352286,-2.2262430412715024,-0.2692414322291605,-1.291483938002552,-2.050469743794338,-2.0080368842406804,0.5029114855224727,0.2254739525875876,1.4048262857680882,0.19562688361342173,0.2431851817527951,-0.6566323466348868,-0.521855366719293,0.8645099788178902,-0.5474295629066765,1.0432682183545425,0.45574022786967777,0.6284950307332166,-0.29287073245115824,-0.08624552701211795
QB_NZ_F_755,-0.43900253869331457,-0.8766297484811311,0.3473963084369331,2.493589636311232,0.12221807574532835,1.315091439297495,-0.21486939339008448,-1.1141660783139224,0.7499203517353489,-0.20741041158965412,-0.19227889273832346,-0.7449363495196545,1.4539061090389225,-0.6613000344021114,0.3019017850294519,0.5399815317108955,0.8177574839454609,-0.3099071627486725,-0.1857886171507625,0.30124577003197706
QB_NZ_F_759,-3.0220762115767066,-1.0092836667072766,1.6353096814998875,-1.115827790336162,-0.4992956081872005,-0.8381185922194628,-0.13741072843447882,0.8579174743475724,-0.1360779666754005,-0.02100245894039989,0.18364686565001329,0.25769182954348185,0.902157530688809,-0.6693549575405419,0.23654736276954996,0.31137849100153037,0.5958724083256605,-0.25294879068594756,-0.24326918304253795,-0.15377991360656287
QB_NZ_F_762,2.3299926943405995,0.06605280189561537,-1.627770058390347,-0.1479280590220952,-2.0555134497889953,-0.7116907595102019,-1.8102684144034946,0.5524071645047128,1.5207067165117591,0.15205939839405033,-0.2974531253425828,-1.5224256930711428,-0.05188846748377673,-0.7097783363666628,0.5795769876742201,-0.515875216789247,-0.5258531227722063,-0.38996237902624803,-0.24482832592863335,-0.340109566352339
QB_NZ_F_764,-0.49319536869120895,-0.37421698219478994,0.8412307434645825,-1.299299367255193,0.07243746968093429,1.1843717379838354,0.8849318125794943,0.7857953064250267,0.32620122926996026,0.19693451133102463,-0.5838340993449705,0.4568413892483881,-0.8739128111384572,-0.44516854709127807,-0.5783385348926416,-0.024676138115008295,-0.588052831821862,-0.6565915068012151,0.10805890715010086,-0.10133952201009369
QB_NZ_F_778,-1.3598833042493272,0.12042408386219554,0.8158034036417715,1.0216106824100806,-0.44020134604624545,-1.0697993810787065,-0.9998850075411881,-0.4638194742007347,-1.4462939102923318,0.30933524463015666,0.17352293007158087,-0.28831897659023076,-0.40804103537216246,0.26041549817703846,0.2765841259987078,-0.2996644640975697,0.26801234585419925,-0.7627081371753034,0.10166540557812404,0.2699467629741061
QB_NZ_F_781,-2.47134568037338,-0.8003267281111646,-1.4577095504742936,-1.459331047633954,1.210803654979667,-0.23718176829460141,-0.06404131101670124,-0.4737836058816457,0.45246387835927226,0.32910077227540735,0.5172896139643463,-0.2699288122395522,-0.26662164423781304,0.008214234803283847,0.758417335177184,-0.4611440435597054,-0.6108790409700512,0.34704315212155706,-0.5259058600233059,0.4553866382065665
QB_NZ_F_793,-1.622179091564093,0.9378708348222569,-2.4632908173729504,1.039715201190215,-1.685062305920602,-1.4692090588738984,1.012622403621642,1.282308984891785,-0.9329892409669859,0.7620533906150634,-0.0560347607874991,-0.9066932651757942,0.22408549656472249,1.398067338332719,0.4962339828607877,0.31570104830834306,-0.7473749099497407,0.8083362900442168,0.10796553484133832,-0.18557835354978178
QB_NZ_F_798,-0.06042826200351215,3.2605790437303677,-0.1494035642747901,0.6250063996809073,-0.4674993456543488,0.5496518964161302,-0.3432086150136106,0.31784310565617724,-0.38313403970397425,-1.4289749729705516,1.2918711838037475,0.5172930182837328,-0.5427003865830378,-0.5635400122481972,-0.34849229869423176,-0.6221136982370638,-1.0622613103750624,-0.7056094245291789,-0.6385235570398688,0.40335929502525103
QB_NZ_F_809,1.7004106689614527,-1.2091377767012237,-1.5876288399909704,0.33837187576068184,0.5215080928278178,1.0687638997792046,0.9370969630631082,0.4252853316256839,1.072835438809174,-0.333547865197517,0.9882018239601967,-1.0233912559020057,0.439547016347448,0.4637722474431424,0.7846107803790664,0.16453245741606423,-0.22838388170145393,-1.165722187888906,-0.30869454249934525,0.8745282060782277
QB_NZ_F_810,-2.8813124705848994,-0.19875543218949895,0.1361365286402315,-0.35708842714851685,0.8610503485980412,-0.6891237411397078,-0.12888993882741692,-0.26518255908742355,-0.963419926129694,0.75914804846073,-0.10023445526932864,0.13319922126945277,-0.10867970248617942,-0.1260459479699144,0.6310290347823647,-0.5567857585099425,0.6296021508977108,0.3485399725387942,0.1825575127764633,0.07826182907746233
QB_NZ_F_811,-3.1181573937714657,-1.492144194105093,-0.45666332161291406,-0.2111899057550464,-0.5278296152459762,-0.010340624877425156,-1.3566662120695747,1.6689698474192838,-0.6804437464638288,-0.4943872979844141,-0.6349936714930471,-0.529409812504811,0.9039996453546104,0.12307463398139333,0.3412605971428333,0.2081613925960052,0.5145260704064275,-0.016629748745080136,-0.24200280851841285,-0.019030680000057157
QB_NZ_F_813,-2.2712385428647512,0.8702693232815323,1.694026277447943,-1.4206173489625205,0.7323505177510389,1.4221534693123543,-1.144244142765341,-0.3268636609458327,0.36609032417384485,0.35049730929965867,0.5573375285822807,0.8339244213720576,0.020254141214899858,0.43888318823986455,8.655546307934272e-4,-0.5288444799581695,-0.10904452283736214,0.4346193555142425,0.38810595657403113,-0.077594790253214
QB_NZ_F_815,-1.3148661458999713,-1.7142068486891067,0.5488556997759424,-0.3272227562717456,-1.1070992725819542,1.6697329331687063,0.3345903263418043,0.35970437683291107,0.35927438565418784,0.8885282644972787,-0.16147858070287116,-0.2517034080896519,0.0829295253570781,-0.3276258218050823,0.1302218452373502,-0.08093100791149552,-0.23692886634066992,-0.8022102799012488,-0.34595286912043044,0.1372453500817761
QB_NZ_F_822,-2.6271828597759677,-2.714925466317506,-1.786291453970562,0.05638458376473539,1.9355676541603253,-0.3130421595777177,1.8706030614712117,-0.22999221254630992,-0.9548388217964557,0.4905727219732217,-1.4051875286439046,0.014281336989460651,1.2152850950558265,-0.46471016618553795,-0.49142248469869365,0.8157954736563032,0.5671013498136199,-0.03990181085548782,-0.09305461748061218,0.30797305140297626
QB_NZ_F_828,-0.9532582509808488,-1.037564607337183,0.3866130765570508,-0.35064379008757846,0.8133117615640366,0.21774318714344396,-0.5846015780994769,-0.015482572807694215,-1.0644647102195954,-0.1715715566344889,-0.6903324139510864,0.10426146485261188,-0.7865180434332029,0.4867537931913825,-0.11545303560477957,-0.4673446695073642,0.30893356180435283,0.43166232270240124,0.07362889251916205,-0.28690352430287797
QB_NZ_F_830,-2.0763730483939833,-0.7277817909645723,1.3846760603855073,-0.24784414896063353,-0.3553910548049772,-1.6535000947646135,-1.3220122021334866,0.4510762593513529,-0.1029990797171196,1.0647262543770393,0.7379202370398592,0.41268322901325627,0.2941710946969026,0.21330495301154323,0.1754975211375308,1.1217908480136534,0.35322331347541924,0.2564056572604429,-0.42312788784599115,0.21344983755949096
QB_NZ_F_831,-0.6057647091937891,-0.3167298016787721,0.08722751350203814,-0.9495677160991237,-1.7916497015148625,-1.3855928972699416,0.7537070506759491,1.9653529571049329,0.7666888888154414,-0.4556050882887858,0.5398055137781976,0.3907085891797175,1.0895760684943456,-0.4300005387389142,-0.5506551634217962,0.11769172202579244,-0.33645907489993565,0.013325710901040707,0.26956034478704805,-0.07381950123056459
QB_NZ_F_845,-0.5154992643580576,-0.3848190079062207,0.11208255654107496,0.29136608741389086,-1.2379944075628821,0.5211803793308346,0.9998355238635063,-0.20247305088720946,-0.3509656480390744,-0.6686305622519468,0.5597942028405265,-0.703988000643622,0.23066359356383087,0.25315942115583584,0.05179564104373768,-0.1288957305979475,-0.6995620530050121,-0.35077813828980753,-0.24042148939418703,-0.12976031595253068
QB_NZ_F_846,0.9822563154677603,1.186276169009715,2.490045703751231,-1.325798234643532,1.8374472085961762,0.8291377088143167,-0.10891609578686814,-0.939873757125495,1.5513644461172658,-1.421536400102835,-0.8681486545735579,0.3615270683145999,0.6215615925611222,-0.7371345611690157,0.2660443119192969,0.255089165923175,-0.525502260553139,0.8087446431179374,-0.4579928213273359,-0.12010595707635906
QB_NZ_F_848,-0.5844758254517048,0.5526032357986072,-0.5286542506456446,0.344879551613757,-0.21405173939906272,1.3068528683796796,-0.6797813332062945,1.2290462292516784,-0.8793493264155562,0.09395998668928926,0.08479619630540054,0.8864246238753448,-0.673674563162927,0.06712262366387536,0.5349969925786625,0.1225332007667589,0.640916260890225,-0.33793152291527745,-0.20225221889279063,0.1957057400142841
QB_NZ_F_853,6.7299115315036415,0.17092595029632018,-1.417726797686941,0.01785579990258824,-1.6885209447960063,-1.265659554795745,0.41101094552023165,1.2710131280901626,-2.2464078963812595,-1.393578043332826,-0.025400413863470948,-0.673385639636999,0.6928007683782026,-0.06946983015293276,-0.0683795129964179,-0.45011182312452486,0.10052732415382812,-0.061262596155785345,-0.07788499905843208,-0.031708110453169756
QB_NZ_F_854,-2.3538926751595737,-1.9180421016136906,-1.183973355469875,0.2291492057758482,0.33143261269236224,-1.497263122113904,-0.25125584644792825,1.290873981500409,-0.2259562098281237,0.23161058677627544,1.0147069595672729,-0.33345662461739095,-0.37890524387825747,0.5975618366699569,0.37985218736832493,-0.15750931071654095,0.6391205609957225,0.5927066943069785,-0.12511026786216264,0.25910799098213433
QB_NZ_F_857,-2.9033725933650536,0.17845203299532397,1.4772814256346993,-0.7106845399607858,1.997842640023352,-0.2519288966949279,-0.3596404353988466,-0.05328748055884106,0.13449937424398611,0.7858992621016034,0.17862771173351588,-0.6144798681286394,0.2614233657733851,0.5165027002457833,0.0058361675247673465,-0.25566386516222744,0.9205290614764131,0.2399723393315779,-0.25487333309940136,-0.2432508848656076
QB_NZ_F_860,-1.2037693883479765,0.006480719180119077,0.6299752135622885,-0.11773029163011747,1.1293702097743135,0.511535490577804,0.22785425860916708,0.07193530056889788,0.5077369252589611,0.27688000578620264,-0.16108086415298684,-0.3451456673358349,0.5017101632733102,0.08106260908709655,-0.4890934511072718,0.16774449302112168,-0.21910274549950695,0.3424022463094519,0.1732602495887386,-0.2257714349766049
QB_NZ_F_862,1.7692239328416086,0.983586078856644,-1.6555806370475319,0.8090896275582591,1.0631660524581015,0.3508074345726216,-0.742834894737035,-2.5558363275821416,0.5179461395704611,0.6261319148670433,0.0023078952532223002,0.2389478305874416,-0.4180211880333123,0.5029788016655554,0.7716967115504137,0.4934263094811648,0.4787988589411606,-0.32360800684109353,-0.7583521543740647,0.014830991347820125
QB_NZ_F_864,-3.0507113581585434,2.9277624056917384,-1.4618445174951062,-3.7424449698054993,-0.16672722479225546,0.5435456524606238,1.980287410216107,-0.5582309702504532,0.7907115830685945,-0.06549678861251883,-0.8641678644290692,0.12970676933531325,1.1562398937203093,0.13920647734000097,0.31289570343528905,1.1744994965935012,0.012660757475493566,-1.1075435771554016,0.19300982949565781,-0.6165302276788686
QB_NZ_F_870,-2.724999787734536,-1.904178360304701,-1.713930196908257,-1.929377293143333,0.5909585364967432,0.5464983928792992,-0.22185512159944487,-0.3221940131337725,-0.15939105054975025,-0.8061651404254487,-0.2371403014474293,0.1382976082155532,0.5038508374573879,0.5491133367692653,0.4998413046089108,0.007582608223164906,0.21304723844698267,0.16833625635717522,0.06180965173930469,0.12778495554845312
QB_NZ_F_874,0.3301849489028951,-0.04684099943013044,2.2436808801140233,-1.4874459939506672,0.32416127794989424,-0.23341702668026484,0.6027143158079733,-0.18248250778009023,-0.08896697691800123,-0.28198455817117735,-0.45721888084473283,0.6496360883132863,-0.42085695425149167,-0.28847522233117306,0.38336076668247715,-0.01959633861933629,-0.16292713715546508,0.07351101054631834,-0.12600048680314596,-0.2569723957677946
QB_NZ_F_890,-2.8353228611908357,-0.719722114236552,-1.7917092549458933,1.1717889132160697,2.2443908937467345,0.06698112756109825,1.1378378160947475,-0.45913580226588774,-0.8393807640341545,-0.7167831658771316,0.12010745615762677,-1.1888355848666812,-0.011713819890467615,-0.6849699999143252,1.10855463774468,0.3282669658385007,-0.3957735846298391,0.7838884827532279,0.07517765334736434,-0.19895203158471814
QB_NZ_F_899,-2.6639698847489015,1.3859141205330894,-1.9669858520414827,-0.24977693878970733,1.1129507911046193,0.178092834585696,0.7661664979517289,0.97280133006148,-0.5642785746001506,-1.1205565586253128,0.7566320624365794,0.5499742973451874,0.32403542547926395,0.9838262780586999,-0.6604216619892214,-0.3281810932605821,-0.38790335105672497,-0.014506969607101306,-0.20156241485677542,-0.038737238609239714
QB_NZ_F_908,-2.256937786243833,-0.09561355388248959,0.1600111992023776,-0.5094186388797166,1.5061777851864808,0.9612621486330762,-1.0075058240684487,0.35626384281992063,-0.4886824887365061,-0.07532196501503169,0.1232757241660205,-0.13567970563465992,-0.2329093950161647,0.06215070649028056,-0.44290709018686175,-0.10991326267709874,-0.036144897352135566,0.5508828307553472,-0.4840748246843983,0.2386226121144711
QB_NZ_F_909,0.6927083677509255,-0.2679284652360568,-0.38756662541945913,1.2693153519891223,-0.5898370263631353,-0.6048228799828849,1.440906853721064,0.3173011458016192,-0.149352973625094,0.6476478110830476,-0.848027755446721,-0.04416405021741495,-0.3784782459616103,-1.4827515490536143,-0.11370171318189685,0.4376396028045375,-0.15283111998150561,-0.48427202510882683,-0.40960031393218194,-0.09846168654209701
QB_NZ_F_926,-3.3211306852374625,-0.15369278890234905,-1.2257996254001926,0.17361263288357776,-1.0104486483249842,0.7062798379346051,1.0609718380000919,0.43845144038297096,1.3345180996326782,0.25736494247703023,0.5133488278101885,0.006814405353575983,-0.029374528883699003,-0.2903964543569109,0.3329815150166222,0.027764216999902096,-0.07341805759226583,-0.13594852656114756,-0.2547582667039191,0.3394214562859082
QB_NZ_F_929,3.7072964640616553,0.16056818251506547,0.4472975453495709,1.0327867420469852,-0.7137562984328955,0.1328846090560709,-0.7378637265282318,-0.8542679570340808,1.2215304385024883,1.591475174010976,0.649377762687158,-0.3856194313161707,-0.41570995655767173,-0.6732297755796576,-0.20209282989416358,-2.420172636556738,0.6321536345011979,0.024700883310936974,1.8079231457716973,0.24631449271369507
QB_NZ_F_931,0.7943525231919214,1.2405476955221346,-0.9819453267746803,1.5296988502290398,0.38720451915244863,-1.0373804656737198,0.6138585893781496,1.9925958145962632,0.35753258454662057,-0.5390312641976849,-0.974674276666931,0.6386636213472613,1.3400342691746332,-0.026571968681597495,1.1780217390079528,-0.5364366686722513,0.4001598813354134,-1.0312106509388757,0.7141207479253275,-0.5004592451852278
QB_NZ_F_936,-0.03994534187029605,-0.2052729891250715,-0.8594450017276227,-0.47132943908580754,1.3527896053350643,-0.8899602909217307,-0.3070140790962433,-0.025164386981770082,0.05036075448054683,0.9228488432770795,0.5400320001245639,0.6448811663404651,-0.03912054056406786,0.5844674861121028,-0.06948178321780024,0.6025955612460312,-0.4037424069525521,-0.2047472522916579,0.43553428426235546,-0.19951928941675634
QB_NZ_F_957,0.3355365300563887,-1.1727426192659316,0.6243137134338056,2.930007384715395,-0.9057597555509205,-0.04869904614706932,-0.27914543496495625,-0.14155456205031897,0.08250783272719261,0.06463977221543289,-0.1814888404783148,0.723433607603999,0.1326176766451335,-0.26821342988586516,0.03913387308280543,-0.43867664319600064,-0.0027907696922621836,-0.076776882165214555,0.09194962942585924,-0.4909530193320623
QB_NZ_F_968,2.5918642806905243,-3.0907976731081397,0.9398580204326984,0.5249011611235168,-1.2246245073463464,-0.10943771584950267,0.8383733868793503,-0.9370228266795819,-0.5546241717345041,-1.0058383240344904,0.6954850146833841,-0.09129644095063036,-0.1497017477668191,-0.7195542402573981,0.5503795625155121,-0.34342533034050454,-0.27921176684653426,-0.5959600166038154,0.34803299737805105,-0.6224186198985856
QB_NZ_F_971,-1.1030171336659795,1.165978492911936,1.3288838362671391,-0.0017525865157171684,0.6863800644967228,0.3231509939834118,0.709317321616211,-0.8439398019972276,-0.9783404712668013,-0.45826200830583397,-1.130988347065093,0.28485371229884277,0.31807652053142427,0.2212337229201959,0.23437987409866182,-0.4722864698834219,0.2759689412883957,-0.34691140011541943,-0.005572085275924501,-0.013719633066413852
QB_NZ_F_978,1.1651800629055669,0.15781377102239508,-3.0878438486924478,-0.05445676025399668,0.43124854526373724,1.0012964447507895,-0.8539694188922972,0.213502036593882,-0.5223014900870155,0.9264245207998171,-0.05907015465137324,-1.3979444578210416,0.018572616846814105,-1.0997590928235854,-1.033692442284484,0.9268363926229919,-0.7035936123800135,0.08516189388655178,0.20778020702035022,-0.6660744884656628
QB_NZ_F_983,-1.0647459547293832,0.40866208196675585,-0.6669444625361117,1.525760381851241,0.2639494656367315,0.7397411131640954,0.15461461592699735,-0.4423680749380574,-0.81725333472154,0.43850282605267504,0.1906555616507966,-1.4160343503369814,-1.3886485489294103,-0.18336241174025003,0.24825358182341234,0.025868781852374883,0.48894135346231365,-0.5301386691355013,0.49202862274925663,-0.12413571260040931
QB_NZ_F_987,0.8167354323262658,-0.6572271265216292,-1.9372170686432748,-0.37825792507152173,-0.8786987630505347,1.3802580486429932,-1.0564427504472715,-0.5291779320023293,0.4298661909338295,0.37894573071495996,1.540696208059204,0.5890092217495159,-1.0907293671988363,0.1829387434457023,-0.2671415923888302,0.47908199073137675,0.34147451020741715,-0.003419264806235928,-0.03487368619637765,0.35714036143119116
QB_NZ_F_995,-1.0001038624162701,0.6793985785544571,1.3957557178084339,-0.7941771964174714,0.27849713230131284,0.4266089084015329,-0.17824650016457394,-0.34133166024819955,0.3094906089702946,0.9276669211600774,-0.9986118357338564,-0.268276433364305,-0.18153796662635543,-0.6670632430673216,0.9311352714973237,-0.2869514734768389,-0.4489280616971592,0.12247760277522342,0.17649631436665777,0.16171938903319738
QB_NZ_F_996,5.7728388153603,-2.85348244557875,0.01579159789072203,-0.33362732278661805,0.2549816160813385,-0.6864895421563817,1.3536584906166553,0.0900320822288725,0.9907656244956851,0.8492195577542825,-0.6089997508717029,0.3504954298016021,0.06295818156505757,1.1842666148215866,-0.6015439533180658,0.06815488275593913,-0.03828263777611145,-0.9119700694206648,0.3541713212232138,-0.08794358322608145
QB_NZ_F_998,-2.455524282103766,0.20657187905411697,-0.09484846447486715,-0.33108461889975016,0.16111256202406002,-1.1342326061625665,-1.08083494417658,0.5687519371060195,0.0764420239072845,-0.5043718598015936,0.07507777579475447,-0.93808521370481,0.3467490540742247,-0.19431645679892184,0.11725617299206391,0.2908415148485971,0.21139471858275627,-0.3454581518945641,0.6904494802189987,0.2476166154740478
QB_NZ_M_115,0.3081270702703688,-2.011393769855914,0.4461158725363964,0.748878715421974,0.5743279984147651,0.2390852041220157,-0.29318561395602855,-0.7211322172745999,-0.3309476890835266,0.19408551905065913,0.29178407209631646,0.3856724600494745,-0.5586495011754,0.008528692387604763,-0.6814868639149985,-0.09775280720051163,0.8951928812315618,0.09566177207913057,-0.04895063077063535,-0.254519934071516
QB_NZ_M_126,2.1408348251636347,0.3212505427248436,0.4487822500821026,-0.8105607340983708,2.5415193988036613,-0.8508050852160824,0.9292939946833783,-1.31117485534161,0.20195490962410295,0.9559489302025187,0.03414310350478404,-0.7617961129567868,0.6477849095162662,-0.7489177320155742,-0.6832995501553688,0.1567647052867358,-0.7807633233535741,-0.007996200452142017,-0.12249564171101222,-0.043694680323820685
QB_NZ_M_149,0.0857277306768467,0.17499234578226897,1.4365806156736376,-0.5125444821586993,-0.2833595770503678,1.6217607254432105,0.33032729147689305,0.25423965055023373,-0.45837402570573954,-0.7359912020740044,0.17299664203787815,-0.9079160943001128,0.1482936364178976,0.48143029400573834,-0.3711948792504104,0.19444585220149121,-0.571276166908056,-0.5534518522058822,0.7097000119845164,-0.3518728301415544
QB_NZ_M_157,-0.24040441551624514,-1.09208150784077,0.6228488616375321,0.58409518594709,1.254030161430014,-2.2767316234680335,1.7682599512935286,0.7616973115972551,1.5726763598323463,-0.21773374483717628,-0.9293572784052254,-0.30807085562225606,-0.41320721543357664,-0.5707777525889669,0.7973071608580907,-0.3446448283659555,0.004917423757090024,0.02602299607891053,-0.6025661217364034,-0.28528031290341754
QB_NZ_M_162,-1.4595499388150819,-0.34294489126024175,-0.8948751019105552,0.09147951366592585,-0.24350942890372113,-0.9678161498025317,-1.8081238086838172,0.7191867137191933,-0.58102126748287,0.3933785703647331,-0.5837709245543931,-0.1097890499610482,-0.6036998288598312,-0.36448457445881405,0.06136349480963147,0.27500317210504516,0.23420429245825128,0.08015534213224666,0.2629627428091894,-0.4881685848557125
QB_NZ_M_167,0.315706572424242,0.07742566024507103,-1.5383145602003279,0.5497867959690743,1.8604009199861276,-0.3920725077326682,0.33356480958966106,-0.757903831830529,-0.5156240133522195,0.346155032170245,0.5642979540568744,0.298250608795255,-1.153786247898764,0.5449581503573135,-0.3935400297226382,0.2651009770702042,0.044290715732906286,-0.1126198977454446,-0.04771988051751623,-0.05951924990374825
QB_NZ_M_171,-3.3510307596346927,-1.5421181334319303,-0.34696741051798186,-0.9429369553321111,-0.92235732104057,-0.49690557573592026,1.7738019664147815,-1.3364940398927767,1.1345078997240372,-0.2779772413381755,0.43411887854495834,0.6971141301446678,-0.6884364361044637,-0.5522826496522233,0.23461164254725095,0.10586859447999176,0.20190162209512455,0.7538252777403678,0.34842658880495836,-0.13539986585198285
QB_NZ_M_175,0.2064491505136002,1.6614989135250013,0.5854699233534832,-0.5970579085684149,-0.6024224402378555,-1.0806850295683448,0.016252540706638424,-0.37817145601748087,-0.5135981380504271,-0.046862467371629475,-0.5754878847683513,-0.8495131051210555,-0.8609312065700163,-1.0456721103259285,0.04490901282712278,0.10330470458968992,-0.44219862328017007,-0.051025623937861135,0.20884711592309546,0.35998030191024327
QB_NZ_M_189,5.911742159324451,-0.9673938185833466,1.8678063468156976,-0.7561285561277341,0.7943880211256137,0.39972247438147257,0.7499143620697132,0.11252204479258561,1.4023555594416,0.08406074653851935,0.26031698769342343,-0.3104800095168536,0.490548075370637,0.7602132615932868,0.9983354775150619,0.5491681612883571,0.06376875682146266,-0.36829537913518345,0.4031176166718731,-0.08277041566052531
QB_NZ_M_192,-3.3750944229817423,-0.6823654407914173,1.936918474378773,-0.487343711741103,0.45714133222760683,-0.6498899742945404,1.066124924024348,0.7197184772310568,-1.2150181607148933,-1.354200538452676,0.2378468391542586,0.019830769889887058,0.09262102269470321,-0.2724984086209487,-0.9277620117553009,0.11477280147745607,0.3934284921769342,0.22852344780024353,0.41445637468073226,-0.32153615128887975
QB_NZ_M_233,-0.49132770505312157,0.8868768805028258,-1.8556940757706204,-1.3394268922050077,1.6603531350803484,-0.22698029212600032,-0.6459372185722695,0.5810420491717462,-0.03123172065096408,-0.6858082652559416,-0.6445330417203572,0.03251442971235429,-0.20291979223335535,-0.0016338578907756003,0.11230306795125876,0.09885682316359395,0.036064738780668806,0.36478744745103425,0.10667096195542024,-0.029080033250262472
QB_NZ_M_247,3.3117614615910678,4.624150196658708,-0.14843877556011842,2.4250514288858653,0.13029398004039788,-0.4924338795207947,0.2534054484239925,-2.4076606781489627,1.2532047196141134,-0.3813695334497772,2.2250161815823195,-0.8057777739583027,0.6773974949042451,0.049943266241061164,0.9624419245102495,0.0783534364439146,0.36827019591994986,0.5582617250995622,-0.5679069365186843,0.2715696361911327
QB_NZ_M_272,-1.5284150946666475,-0.9068213520357671,-0.5356447692919505,0.46482041102326566,1.339805896662921,0.9433709978656615,-0.7226597697438708,-0.4871398790475183,1.1570315387378174,-0.3077107438201205,0.4584508112146855,-0.07857955680440494,-0.29613050550496856,-0.11896494833970332,0.508344206279139,-0.6392891070949934,-0.12771704326061198,0.42033151484382814,0.402883093710013,0.03439724672774013
QB_NZ_M_287,-3.565961112912098,-1.9709764349237369,-2.359147208788763,0.8879675967708954,-2.473661915401412,-0.36015316412705095,0.474459841755151,-1.2415816945906968,-0.9830208815032043,-0.8658454158004479,-0.8579518208739004,0.267061108715352,1.0692648284042738,0.5259911389837911,0.5311122162424984,0.1952083898426345,-0.02291968087668437,-0.2693732260944936,-0.07959523166413243,0.23254822308303222
QB_NZ_M_291,-0.9531179376274116,-0.9578200748397261,-3.176855606158108,0.2382862648825507,-0.21141316418422257,-1.390784727666592,1.2511054231794603,-0.5432432951163549,0.37744995134888343,-1.3851895625616768,-1.1012094050109973,0.43166447042134337,-0.12066758872907436,0.6117394697926477,-0.0764615458971057,-0.6721945483340401,0.22589757223768125,0.46503463998908084,-0.037478895925173304,-0.12790911939950853
QB_NZ_M_312,-3.5111361862324486,-1.9878519537834511,2.972660511219437,1.6919981443995338,-0.8328006516001252,-0.4944045114332099,-1.591444640102351,-1.2997124584329378,-1.1995043196628292,0.5743381565288838,1.547717889705946e-4,-0.7888954302103462,0.2781284397968244,0.07897771943523481,-0.08288585036078154,0.9253328536616033,0.13056606272159385,-0.295710177398053,-0.30881221275230136,-0.10259609332047882
QB_NZ_M_329,-4.385244431964402,0.8646860568346116,-0.843949276520042,1.1993720869395557,0.5650609010175405,-2.253121202411528,0.9079106115547859,1.9087162728865548,0.6965702946899481,0.5468686033455714,0.11148484969483852,0.17085795345103796,-0.2199235208325042,0.14618553168705978,0.8944855549795714,0.43041735219289273,0.6792120923526191,-0.1437791772517702,-0.71335053362761,-0.2870532427870106
QB_NZ_M_370,-2.8569366143944745,-0.2389590946234322,-0.5494940380392567,0.6595168258174173,3.1038811883251234,-1.0958371875420088,1.916270739814496,1.192021217345024,0.7037601847859344,-0.4394672370581844,-0.8047343009559278,1.249701553156848,0.947110890774227,-0.6423198882155248,-1.6466146025460844,0.41639213351680576,-0.6427559697808886,0.21630739258948872,-0.22119033045786718,0.5010409705958784
QB_NZ_M_384,-1.1374938151121008,-1.3850922187928785,-2.257425705028379,0.056408491826693344,0.5978735785097059,-0.03773780920677212,-0.570934779015831,-0.920368898450075,-0.7723986458178267,-0.3740975469755688,-0.13075296651983406,0.20846500298340534,-0.13113747654857774,-0.38503795352223263,-0.4070620783428679,-0.1848331945862428,0.9419897118113619,-0.32664515536248,-0.21133262566824074,0.21233354821054293
QB_NZ_M_385,-1.2338188019467824,0.19496710991449046,1.728684598596771,1.9324426071953718,-0.7892350779532458,1.5270914206914743,0.2520609181559633,0.912435201985875,0.11753201348881194,1.1542626235454805,0.2868478640063847,0.9796497065889578,1.1092210803244211,-0.48101466696137274,-0.8714841564690708,-0.3637608774953404,-0.09426134246519596,-0.4259528054067229,-0.012039307581460596,-0.4145420245369045
QB_NZ_M_441,-0.5188697457567082,1.215674842533112,1.0693751127996092,0.4843633652334876,-1.7016247813986596,-1.18674583721022,1.464819166018296,0.7537142590292817,1.093740084847707,-0.8920781705455799,1.221687990688332,-1.112940494567021,-0.13695358505079738,-0.39769490967799265,0.3837036429461769,0.24761458260438546,0.29683328846424745,-0.10465662501331993,0.0768901066494709,-0.26839578138357556
QB_NZ_M_443,0.8465542259349047,1.8360497045059652,-0.6196444953869443,-0.13879523993325296,0.7708688051619581,-0.4169506042714662,-0.7524958301277399,-0.8757516180739976,0.5529259879892275,0.2878637036899956,-0.11660637862030897,-0.5674498416425819,-0.2819936591710941,-0.20686701543617483,0.5324814709147168,-0.10387522088499852,0.6839471358041004,0.05116968776619295,1.0041778989734569,-0.7329107152768543
QB_NZ_M_450,0.9656815842002944,-1.86196930765607,-0.135177587439911,0.3100652019271438,-0.5187822090471733,0.48343958839551315,-0.7269462158600853,-1.9481390269163852,-0.475811391637957,-0.8642589456152504,-0.353753378922901,0.09982887783502582,-0.2924733047115523,-0.06253786614321521,-0.14337087144480054,-0.1381665317531684,-0.29389979370726765,0.16156733078289856,-0.21610383919184933,-0.23708363004150135
QB_NZ_M_455,1.3737591647788758,-0.29997259370363066,-2.8406475220098155,-0.7475052835886148,-0.8475273721694834,2.266871952252047,-0.49101370573340286,-0.2376825801824202,2.5940402004018175,-0.1271890078864905,-1.5728589485733786,-0.634496116004873,-0.15467086775009647,1.3832374422717988,0.024340357000615608,-0.48625904250358715,-0.8292592640982472,-0.5599426795558974,-0.4197105586386425,-0.049799398088136056
QB_NZ_M_464,2.471063298347017,1.0005420212759664,-1.1903651695169026,-4.07050770292283,-2.56553995864299,1.7693772216637242,-0.6926018406501103,1.5279254016667276,-2.267900862305976,0.6945434799525916,0.6609753809770654,-1.4359041302743476,1.3367654046333202,-0.38771408686787745,-0.9850423821267803,-0.6702401133929474,0.7616918539034193,1.0975870271779087,-0.4946689174567022,0.831302562536048
QB_NZ_M_467,0.5933138370966756,1.2466970967029696,1.2201561838915154,1.2812997312991337,-0.4517945813915312,-0.06762519837376915,-0.7968349013604519,1.254362883543364,-0.7814030203789173,1.300584921200997,0.1356410568942197,-0.4670690528205807,0.7020613715468913,-0.8215631972423795,0.456066400544662,0.49609802747648085,-0.308020560274446,0.22669584153755978,-0.12706897445696091,-0.09211816841522939
QB_NZ_M_471,-0.3492394551310361,1.0208954041545868,1.5158014982110581,1.4449565502719175,0.49700787650196704,-0.3517482229672634,0.11781285272655957,0.5515379478836953,-0.4777019903531877,0.1102890325825761,-0.47892900685731926,-0.17588164877152773,0.31568214234746345,-0.1808386856129559,-0.5493902215968134,-0.1850437214069779,0.05710360987964538,0.04160451339516576,0.03111388047840113,-0.13637560476317856
QB_NZ_M_472,6.169214651266745,-2.680838630461792,4.032633643710504,1.5179119422478562,-1.0055268855040584,1.9443613076485007,1.3400703604294077,3.707930787877932,0.12645804694304616,-1.5113076345762229,-0.7041273717064467,0.05572301563053318,-0.5529934422214335,1.4134601899599977,0.2873689854853702,-0.6258363737721159,0.10837995712282397,0.7774307365445058,0.40599644931781503,0.18383812687091566
QB_NZ_M_493,-2.234743434994584,-0.6648174918403857,0.18413185809234414,-1.3872912626750245,0.7995664094725652,1.2069877554107604,0.510607773783205,0.32217311915518726,-0.43880422756069465,-1.3544188928314622,-0.5516198903252909,-0.4708631184815146,0.15742587065540992,-0.22465390588552478,-0.2134456515412318,-0.21008137299513624,0.1080852109363566,0.3831603741725841,0.18428144492021295,-0.4214660520193234
QB_NZ_M_499,4.948823223504057,4.088134563104368,-2.379913618963857,0.9604932062074792,0.7650402426803993,1.098129226726552,-1.4315958708452308,0.5415846086107056,-1.6585663861124524,-1.1309445478646114,0.4366706127680035,0.09982840459656547,0.5740089613347308,0.8851485840925054,-0.00204282257823805,-0.1594076468698987,0.048934652734535795,-0.20743589894718703,0.08315816953871516,-0.27561747927866626
QB_NZ_M_538,-2.3344472062015873,-1.532775190650291,-1.654115181097505,-0.5304292698344976,1.450892050747744,0.8842534144422023,-0.215648992624301,0.32777444741917927,-1.4042270589702377,0.8983190957892719,-0.2453638496445609,0.6388184531360673,-0.14565987817684856,-0.649702445076717,0.2895548116406879,-0.3629464337535157,-0.29701667273579324,0.32902827011792873,0.20351873389458022,0.2887399541737929
QB_NZ_M_543,-3.58509299050098,1.8012203179372916,-0.3591040525176704,-0.40241366602563516,-2.280617268929778,0.8514984489168904,0.43836182259839857,-1.179166737288577,0.44281356199170724,1.2475791199301154,-0.2414383924772904,-0.10417889967172139,1.2885433811550628,-0.4664156415271327,0.19141817559971144,0.18021504640951466,-0.36078361246885304,0.3967221965017091,0.14160439253185844,-0.3816312906951726
QB_NZ_M_554,-0.9987313665079912,-1.2130788775741117,-0.15599471355022615,1.0967410024936792,-0.5021939864277895,-0.42802991364406895,0.3595010908765604,0.5647717653363904,0.5707989946519962,-0.518780929329103,-0.20439613054378045,0.5349616845429529,-0.017733372374352487,-0.613550662439859,-0.3017807545582638,0.12256287173217939,0.28753214647314,-0.10032559599999548,0.130777103045357,-0.19637917207254288
QB_NZ_M_574,0.2230363222268986,1.8404165517140691,-2.5856563156102954,-1.7228172159740447,-0.08673853023432819,0.6239703631889094,0.7639937770594248,0.03426533384002689,-0.17102908290237878,0.7218755783935841,0.4763881005280297,1.7025967204527217,-0.6393286679942729,-0.6167501310574087,-1.058576127399545,0.248542717280099,0.5835645574267199,0.39122088535361826,1.1301468432744268,0.32532283117819266
QB_NZ_M_585,-1.510379116309333,0.6907419814427848,0.6850788869025052,0.17319109221576207,2.4176561880611644,0.3868212357218774,0.9417603487523712,0.8580525544681378,1.4161168816925447,0.46189097399200507,-0.7923359657955481,0.995580268996603,0.33789075359909065,0.07141264835046593,0.004266231001644925,0.24527906137287955,0.1943479920663195,-0.5055559999293817,-0.27307325686088985,0.058990145151436676
QB_NZ_M_594,0.6301665837467136,0.9477626170145773,-0.3258263308049288,0.742666831188446,1.1525651781958153,-0.847961406441087,-0.3550576029512434,-0.0680554389834543,0.34124025472201175,0.8631264977759671,0.32154562387020125,-0.0332162236265002,0.0647917797839699,-0.019765041813889446,0.5675597334181356,-1.1243044221976193,-0.4499002364974953,0.08920370108082454,-0.6549532035561484,-0.27371063194405626
QB_NZ_M_607,5.662608029427268,0.5021372758154269,-1.2968899874780766,1.15522369637698,0.2879843308778143,-1.4052683798572467,-1.2126729645449839,-0.2575379908558017,1.7245791876712584,-1.0979222932293875,0.6892070526515397,0.6129874005802037,0.5729347232697946,0.1453074218962929,1.3026797283982139,-1.3685773241349024,-0.5173215923351353,-0.5628394976925416,-0.1040488740330271,0.3762940003545499
QB_NZ_M_609,-2.759508260867009,-2.8791237423323173,-3.582825388204885,-0.23462831517287178,-1.3989024017528269,2.3008203911794576,-1.3007736893648767,0.06627699252831952,0.7389358738624587,-0.5241700108130776,1.0376403760450728,-0.6329261493392596,-0.2954393721170782,-0.7204018772425749,-0.15632618244709304,0.7990618570442575,-0.04392401467933987,0.6112557231585254,-0.03019865483489406,-0.006014724238449571
QB_NZ_M_626,2.358809079669795,0.9689759043926924,1.3919083350080972,-0.2677340065596251,0.012718656414435528,-1.572110948544131,-0.4555497834201438,-0.2576277439185218,-0.9358504947945898,2.2178508857073878,0.049700775077669575,-1.1676564172502728,-0.13273281593524813,-0.36062381274797356,-0.4570823344247038,0.32817117850593464,-1.1889194284474351,-0.28556753152105474,-0.07282789968890334,0.5047445721251684
QB_NZ_M_635,-3.007201926784801,-1.0279507651727375,1.379475427147691,0.6804200199259376,0.6635921509833358,1.921116871299366,-0.752594887962788,3.0744060295224593,0.8926601791208032,0.1669224392975814,0.16010458501711392,0.39502270610319384,-1.2744346316877848,-0.8121678806688915,1.160031190640377,0.5411389540895754,-0.7660540674845109,0.4969867225223926,0.25445622405355195,0.32075093947921424
QB_NZ_M_636,-3.6854221634721025,-0.5611453356957651,1.690910077057922,2.1923268111621987,-1.849729690909511,-0.8007261370285698,0.9928142560825549,0.45860963720835907,0.43806729163228997,-0.7609989524442816,-0.2295387368777087,-0.02913170170529603,0.33978187305816937,0.779965679002567,-0.26815780888580787,-0.27920293793689555,-0.038753388951380446,-0.016592703139816124,0.05147382100536314,-0.027407777774811463
QB_NZ_M_654,1.5670551918075721,0.9908373723068127,0.36119617612756694,-4.651987291080832,2.523872709984344,1.0929396146608104,0.6760200464466334,1.663623911080591,-0.7555239473386377,0.22173897149329735,1.2597345255415442,-0.9262783140029327,-0.5155224752074221,-0.564925454351788,1.181758807531222,-0.4945161699772765,0.8710413271311198,-0.4103849600845802,0.2938565916496556,-0.8463483817630815
QB_NZ_M_661,-0.2489932536968144,1.4294184891760444,-0.664905371066797,0.8452010837635774,-0.583334130659058,-0.28259437740817317,-0.8454933502722364,0.22733523305281306,0.6197716834522642,0.2970277740386578,-0.8472359449952014,0.3332468192961488,0.24679624809843284,-0.41598671169717727,-0.0976543130672987,-0.06106691962074541,-0.0981011692789351,-0.07673516337723299,0.32171333198916696,0.7480152867697564
QB_NZ_M_664,-5.320776417972671,1.1607369415786293,-1.3476794713992342,-0.16421635089202305,-1.9880190959116568,0.6345683973138834,-0.5475951789027527,0.2884190159815716,0.4269871025363377,0.891408740446474,-0.8286945487338424,-1.140898170217525,-0.08309078529404818,1.2133033667851705,-0.22561692285138263,-0.07760220040638915,-0.15130706264689833,-0.8951964842139145,-0.11672644947088229,0.3938172406364347
QB_NZ_M_672,3.6568869847686374,2.4157821139746627,-0.5226236014172371,-0.4907503806862928,-0.5341386655812583,-1.0707519503904919,-1.8267757252823904,-0.015391266353210302,-0.8305427437660182,-1.4836648810606108,-0.45224390976945533,-0.6023539743411606,-2.0963196397091846,-0.046864059101974435,0.40246577476332346,0.8340742883756493,0.18161350090993544,-0.17508597301953954,0.2789070959547518,-0.027627851000202062
QB_NZ_M_674,-0.9966904636958858,0.0797448552788978,-1.3564151745948483,1.0894799356479776,-0.6026299283159596,-0.3699296174392934,-1.3414831560059617,-0.4740728237110409,0.7940186264548742,0.1906119872946096,-0.10178405539856719,1.4770773222291904,-0.1843178005015388,-0.4687176359479293,0.02809825059418018,0.5827265731812771,-0.8293447054143097,-0.9267147601834054,0.5906408214091852,-0.3900821185444358
QB_NZ_M_676,-1.0226629459170367,0.5819599169552498,0.012927156484933361,-0.14263915020064236,0.24713538061220017,-0.7642310054060422,-1.0562964100214025,-0.05329872586854547,-0.09698052348477308,-0.09294472570892333,0.5774575137345885,0.5248724770734228,-0.0454602337507493,0.027979009315589276,-0.03442034770550772,0.20730249720852026,-0.18890730484053622,-0.04498971125579026,0.23354289139308101,0.4180073647635581
QB_NZ_M_679,-0.036079807069059756,-0.6458791018665827,0.6656716637972445,-1.3334771213086214,0.3367710010238901,-1.6845314332213095,-0.7385248692955982,-0.8045369469631356,-0.40290487147297127,0.6517389037657224,0.4297867346802587,-0.763874904013051,0.045880781169272376,0.46576294690359166,0.05162744646756508,0.3983699693902362,-0.9463267417934562,0.3843651966952405,0.06581821186914978,0.12473665391779541
QB_NZ_M_699,-1.2175306984717231,-1.1071698060145039,1.8975243122489263,-0.11929774880672193,-1.349402833400577,1.222955368524573,0.10181368922929411,-0.555778995421033,0.5621578186660626,0.40944220029330763,-1.7517237353004873,-1.1538323232801195,-1.0326574375991524,0.2630663373090836,0.4184758049909445,0.05821109520912951,0.7863904454496196,-0.5253393447592325,-0.013288900738610679,0.3744358017844793
QB_NZ_M_712,1.80483822190157,-0.5734991037438756,0.48687640678932304,-2.0467773022449323,0.19827545436001615,-0.19628443689846845,-0.2697351572767605,-0.47214763607239996,0.22408526486564795,0.7657770152348771,-0.5261391030415553,-1.2236022610008663,0.33400167320400553,0.7570451829315451,-0.9269327795666736,-0.1881671599146777,0.5646422338315379,-0.11346968634607274,0.06736458227421606,0.11133934803107548
QB_NZ_M_713,-1.6326252008696605,3.568968155614565,-0.1374748218100675,-0.5861280556487731,-0.7798632516867294,0.5761917319971206,0.9415682947678463,1.280683942157881,0.44271688302153084,0.8054909965188256,0.5331328559837464,1.0717591167626521,-0.22280515648607954,-0.39211455583192945,-0.5222810298892262,0.14660626117643982,0.9115913483519769,-0.646041252874832,0.35203754701241313,0.05046813869923424
QB_NZ_M_718,-1.5212766039703123,-1.3944679176595844,-0.2654090105780802,0.6558315663639314,-0.48302958803770824,0.11962579579402799,-0.1126262959435781,0.09159567417758828,-0.3274557774577396,-0.3357032249658227,0.9944750057663329,0.14785287891820062,-0.4866806954930185,-0.1173291146616043,0.14681931629221326,-0.5026248223709989,-0.2582590358819127,-0.9611051115947488,-0.44658044437520744,-0.09164625050975425
QB_NZ_M_721,-1.8532084782859053,-2.145472011201361,1.5939701808386222,0.5999206704159559,-0.12326513621310779,-0.5893389338029696,-0.9343375198225419,-2.933778798102904,-2.1414271360092183,-0.38534012793672334,1.1316107292913995,1.9737178941520803,0.6013555476414995,0.7259797202868188,-0.5094809130235584,-0.35769312452301555,-0.6042887961873031,-0.8836944357114495,0.5016541256575775,-0.3031254982568486
QB_NZ_M_748,10.800901669440904,-3.997963232832198,-0.4383024781410033,-3.0540759755324816,0.08890524159057166,1.633610615478404,1.906909702025683,-0.07907226665116272,-3.141732827893632,3.2162449820497407,0.26688346773902316,0.1693721920326265,1.0671291113022232,0.6292843189882923,1.7287021613980196,-0.5077869172292718,-0.09568914090206404,-0.44762515022049143,-0.26848231367647996,0.18436530288522007
QB_NZ_M_749,-0.255675013499154,0.5378647694984533,-0.029685968382023593,-0.26134201033218907,-0.6161422302079025,-0.36494250050606963,-0.1176177645152443,0.30584010272905643,0.5840878353410225,0.8383316155468558,-0.10058373694514322,-0.12330600960340213,-0.36986236468453276,-0.009130270252518452,-0.2897594349822332,-0.11665163269533897,-0.40635014717294377,0.33881754580455886,0.1116096820665071,0.10867508303402157
QB_NZ_M_753,2.155345386931079,0.6017240915543509,-1.0716584741391202,-0.1131397073300632,0.29668066566433976,-0.02011381195018592,-0.47691413748570294,0.5303987085033347,0.35946530768204066,0.9915141294949016,0.2734670730906033,-0.10726042685872582,-0.8212423419826405,-0.030177810677803087,-0.29229477488603,-0.12915576486689548,-0.1045450116528416,-0.42561791419868994,-0.7717433036295493,0.2826642910458957
QB_NZ_M_767,-0.9412598362409161,2.5317358086552133,1.5026797155965614,-0.45647396957690906,-4.0940942119250545,0.644373982722752,0.40075779508049697,-0.7271693250560076,-1.6086181061422256,-0.059251109358281415,-0.219259533123388,1.8175288794149567,0.1297168298365731,-0.270427716172869,0.7367223312921024,0.9809982291706946,0.28415422509028404,0.22804031272300634,-0.025042935885083,0.37510265298017403
QB_NZ_M_769,-3.22372295017697,0.6016954125937894,-1.2927885232936143,-1.0511549556181243,1.3685200971769436,-0.04181876715432225,0.5548959058138725,-0.2920866989806844,-0.3779650895962301,-0.7090569272223636,0.9685447838204763,0.1944053275380204,0.7022245867148893,0.05755968916860065,-0.6146190402395284,0.2930965986127935,-0.5629750946371929,-0.0022382291670837275,0.020929476101839456,0.3278331649735622
QB_NZ_M_770,0.44494379816972046,-2.406357790413629,0.02919895145582604,0.0253152698247617,0.9062665781643947,-1.242183850457771,1.8059442435527389,-1.1558234675215682,0.8191388996272941,-0.44712179534274427,-0.6192527893292754,-0.04443102876769108,-0.3485400136586909,0.6287506288422225,0.2824822971903571,-0.3495705157686618,0.14332474704776152,0.8684858875437661,-1.0859054038660767,-0.03363189144538614
QB_NZ_M_838,-0.10645361561804524,0.20085038669872668,-0.6258449166891034,1.799394782513765,-1.842043565264491,-0.702499962582362,-0.18273638249984728,-0.5437939721152852,-0.006411013305460046,0.08522930321650808,-1.4563977363887606,-0.0727141559575245,0.24475004345071188,-0.08771933681107263,0.20588452482506847,0.21518584455825931,-0.0857198619836468,0.35678244884544913,0.3302561297232996,-0.3299104333438901
QB_NZ_M_850,-0.1159317219544748,0.04232806884164925,0.9584570641176098,0.4529008999181741,1.2034639034257162,1.8007059306776816,0.6507127813238354,-0.9891475615972921,0.9178230758049232,0.5010614115662613,0.036948476325591784,-0.7757898002472821,0.6291640913046844,-0.09971269383807603,-1.1891684437254177,-0.39238549507199205,-0.462629057865872,0.7548528898428817,-0.6584434226302499,-0.6871489843981711
QB_NZ_M_852,0.8895234688202336,0.4987222966455821,-0.026832609035582645,2.4657273646954807,0.8618067283714214,-0.7516436767179144,0.94363933195821,-0.734726549651057,-0.14183018576469886,-0.8410214036663889,-0.31201346568373567,-0.815844268415067,0.18655511809553968,0.04162422180854841,-0.9063091853992453,0.31163754011484424,-0.018367140234666807,0.4252264819058508,-0.08239231365348239,0.3291971356598677
QB_NZ_M_876,4.52423692021852,-2.355318335838696,0.7560309949258125,0.6061046703301,0.7982707176445181,-0.14743299022538545,-1.6675218171625203,1.3117194614554009,-0.08760884078330515,-1.2803793428910288,-0.6281093736600976,-0.15567799168390836,0.16077767023903047,0.2671544270398822,0.6722064493507718,-0.20054577112183772,0.4167014862444084,0.12293546081377897,-0.4301751319145765,0.035402182431079676
QB_NZ_M_880,0.31211725387560696,-0.8259908478254628,0.07967206577562348,0.6791326953455927,0.4164974968347044,-2.0392925803189583,-0.6648052158781135,-1.1918173134762347,0.20108646032270922,-0.4192278812482902,-0.9930809840219084,0.9984564884740191,0.42978385985750195,0.08612509140006452,0.18526588377721329,-0.8765119712509,0.5982850692715034,0.03730260073924564,-0.7019927909775426,0.20252664326735903
QB_NZ_M_894,0.3431935476813897,-0.5920373224225264,-1.3434362608419943,0.5502602271201502,-0.7159923625789111,0.42519020586515294,-0.7711339052402503,0.6154994063046579,0.9355540031931405,1.2173491254835473,1.5181987257572398,1.0180901863173468,-0.5234270135852158,0.3066887641111989,0.09996810299712731,0.21756695780000837,0.44686871257047445,0.06566594591757734,-0.41498853405282027,-0.21270968312409055
QB_NZ_M_896,-2.8698807727520235,-1.5855440035426345,0.7139527668268288,-2.1085082611803574,-0.4220871375805811,0.5764401509424179,0.15520144358364985,-0.47884812256322434,-0.40889548190153774,0.7778682979309209,-0.5442338128633696,-0.608227162832266,0.26388106188141414,-0.26892369124851895,-0.27694824334592116,-0.25200760488911095,0.5740391188411541,-0.8294547612393102,-0.5181162137088978,0.4074628892561753
QB_NZ_M_902,0.4701735905392811,0.24466768472505349,3.4615719410288883,0.173130722129993,-0.2111872274583344,-1.9303352165643095,-1.123907491353223,0.6238895767260547,-0.24520277495595885,-0.12790366231735628,-0.1002598357215736,0.32191905407214855,0.49346609224151894,1.0940432768798325,0.07820618493460459,1.1644935610961498,-0.24045341022828137,-0.17100704896017124,0.12206922955837077,0.25839238239408185
QB_NZ_M_940,4.406142206004419,0.08069180765895764,-0.03591450975083391,-1.5942615392138206,0.5592131596455903,0.6514808280167101,0.4658765783028561,-0.0045878428254643114,0.08069937007693105,-2.232275864089532,1.4714090582405945,-0.07565353179541484,-0.45423878929931094,-0.1925762418018681,-0.03520038292188567,-0.10259948476313548,-0.6405987761102692,0.4041985189820087,0.4912855682369344,-0.18800855766604546
QB_NZ_M_949,0.43647929811697633,0.8719354818531563,1.2433894125396625,0.934934623657797,0.041523077998157576,1.8920371697306564,0.13849895487155467,-0.07859101811019567,-0.3752805443455697,-0.20164566408269363,0.42521111626636987,-0.2913427010251865,0.13599978503793234,0.32479852669641207,-0.598945083031167,-0.05983714718004136,0.4486119560640413,-0.18775868758461325,0.3403885679738151,-0.45103591463147996
QB_NZ_M_982,-0.5983353449602256,1.7269988534433394,1.7194870537218063,-0.9573605704323634,0.32219547197943466,0.4808118754089816,-0.5550665068090868,-0.03759629452855637,-0.4493540292586247,-0.5432989937072356,0.40984314814720335,0.5163095056802204,-0.03754423439742606,0.29286679454527204,0.31123044833770375,0.49970949579341467,-0.1463604785677091,0.3667366598111828,0.11307789497475892,0.26381183068300923
